,contrast,dissimilarity,homogeneity,energy,correlation,ASM,intensity
img_1.jpg,41.483317031820555,1.367856677099635,0.7039531641693815,0.21611776756884224,0.9842757935481605,0.046706889458940117,52.30991228070175
img_2.jpg,36.94488784559206,1.2804186228482004,0.7275836318651845,0.21697607798156857,0.9857903564816135,0.04707861841626372,56.07810266406758
img_3.jpg,32.32847222222223,1.1014899582681272,0.7726005258041597,0.21950682744511696,0.9844398459443948,0.04818324729502035,53.86607537361923
img_4.jpg,28.003710224308815,0.9632433489827856,0.7992762238192377,0.2212538482024099,0.9845964028050384,0.04895326534437504,51.45809941520468
img_5.jpg,27.857573682837767,0.9305066510172145,0.8136658157213618,0.2221594023418605,0.9840296995846775,0.04935480004889265,50.159103313840156
img_6.jpg,27.200472743870627,0.9092233959311422,0.819358348193872,0.22525242022291866,0.9846057531127609,0.05073865281628234,50.32577322936972
img_7.jpg,26.464563771517998,0.8834148408972352,0.8246436069437661,0.22125670983131246,0.9852228567167338,0.048954531645377594,49.84748538011696
img_8.jpg,24.851431272822115,0.8608796296296298,0.8232212383077667,0.2208391204942969,0.9853970809611485,0.04876991714069459,47.917582846003896
img_9.jpg,24.05020539906104,0.8511052425665101,0.8262156805189341,0.22158188155548347,0.9851713623410652,0.04909853023366831,47.12392137751787
img_10.jpg,24.105118675013042,0.9096570161711008,0.8042695009629065,0.2209496694605316,0.9843383057100936,0.04881875643471817,46.69463612735542
img_11.jpg,22.9953312467397,0.9548513302034428,0.7856067614173108,0.22000618215575804,0.9838720637003425,0.04840272018675259,44.180763482781025
img_12.jpg,27.81583854981742,0.9950899843505476,0.7868915789919727,0.22098492022415897,0.982378304030186,0.048834334966477905,47.023898635477586
img_13.jpg,29.384464658320294,1.025583594157538,0.7881286363823795,0.22140556678790535,0.9839250442052762,0.04902042500467362,50.43154645873944
img_14.jpg,27.932453051643193,1.0254303599374022,0.7796297535885446,0.221325941852382,0.9835425275959023,0.04898517253684397,48.458554256010395
img_15.jpg,27.140642931664058,0.9899908711528427,0.7909859643339204,0.22198938576867272,0.9822265924112358,0.04927928739395259,46.52922677063028
img_16.jpg,27.437056598852372,1.0227764736567555,0.783824333392072,0.22310273998996963,0.9802866374776482,0.04977483259103199,45.18449967511371
img_17.jpg,34.71497130933751,1.1553925404277516,0.7599005292770372,0.21951159089192862,0.9788659336643993,0.048185338535905446,49.19195581546459
img_18.jpg,49.547776473656754,1.2771322378716745,0.7581902947599227,0.22145678139451358,0.9740821597271984,0.04904310602561737,51.58238466536712
img_19.jpg,38.6474015388628,1.1139377934272299,0.7822800593347516,0.22312748292075232,0.9792473608312734,0.049785873634550615,51.58062703053931
img_20.jpg,32.108209441836195,0.9773213354199269,0.8012649873904872,0.22191422847663855,0.9830353639900826,0.04924592480038174,51.61884015594542
img_21.jpg,30.961701225873757,0.9276832290036515,0.8185526434293746,0.22488221551957951,0.9821745334122203,0.05057201085699461,49.71901884340481
img_22.jpg,29.213230307772562,0.9612871674491392,0.8016528573983087,0.22417500127526577,0.9814503060984371,0.05025443119676541,46.92900909681612
img_23.jpg,28.295318205529473,0.9187597809076682,0.8129425145513184,0.22332423280641775,0.9814343090950316,0.049873712958575074,45.316608187134506
img_24.jpg,34.000326030255614,1.0198422013562858,0.7991675672392383,0.22509871323484212,0.9794468580555593,0.05066943069998169,46.6811371020143
img_25.jpg,48.98210745957225,1.1625978090766822,0.7776204052248904,0.2227311982783037,0.9749118536970339,0.04960918668648904,49.27187134502924
img_26.jpg,45.76626564945227,1.1804805685967659,0.7676514620269097,0.22616174744055728,0.9756683722602951,0.05114913600536642,48.78853151397011
img_27.jpg,39.777210485133025,1.0761085028690662,0.7970979432024642,0.22619562057729248,0.9775846052875892,0.051164458768346466,48.09308966861598
img_28.jpg,37.410439488784554,1.0261997913406362,0.8072509658737805,0.22540469250532552,0.9779282003308668,0.05080727540342035,47.71819363222872
img_29.jpg,36.723425273865416,1.0530940271257174,0.7954236081829332,0.22376633730724532,0.9766667059764448,0.05007137371189989,45.971104613385315
img_30.jpg,33.877575639019305,1.0720135628586334,0.7793656509129083,0.2234490048664337,0.976510218920605,0.04992945777579951,43.93042235217674
img_31.jpg,40.61765127803859,1.158672404799165,0.7660878526045374,0.22166708529177426,0.9756495530862541,0.04913629670175072,46.998840155945416
img_32.jpg,37.810436228482004,1.1436847939488783,0.7709669287050208,0.2225539700178974,0.9767326880100232,0.049530269570727176,43.118508771929825
img_33.jpg,43.43474830464266,1.2203442879499218,0.7684467685257627,0.2227292023180755,0.9755580047783508,0.049608297565246214,45.438960363872646
img_34.jpg,45.53401799687011,1.2511150234741784,0.7822458768947879,0.23340504418673108,0.9754658869073791,0.054477914651809886,45.187352176738145
img_35.jpg,46.53464071465832,1.2257857329160144,0.8219001133322223,0.24260855676220736,0.9732491336112544,0.058858911814241195,44.185367121507475
img_36.jpg,45.28832485654668,1.1316151538862804,0.8447487581055628,0.2452081985588391,0.9705778965920695,0.06012706064047106,44.45005198180637
img_37.jpg,49.99438575899843,1.0777842983828898,0.8667800614620189,0.24477323861987912,0.9677966931022748,0.05991393834446428,46.0761241065627
img_38.jpg,53.40968961919667,1.063132498695879,0.8767857741787857,0.24937004786167105,0.9667109420700175,0.06218542077053211,47.34217998700455
img_39.jpg,48.0878325508607,0.9362610850286907,0.8899672067570306,0.25096288839397396,0.968126547352306,0.06298237135104624,47.34542884990253
img_40.jpg,47.15549687010955,0.887839071465832,0.894776370524985,0.24989366137539737,0.9682736336348394,0.06244684199560177,47.79933723196881
img_41.jpg,46.682730177360455,0.8710256911841417,0.8947248871561458,0.2488426783023332,0.9682249974419727,0.06192267854467849,47.955562053281355
img_42.jpg,46.16488002086594,0.8689097548252477,0.8947642483276784,0.24825193160534892,0.9682122207300321,0.06162902154578683,48.00651721897336
img_43.jpg,45.93793688054251,0.8670383411580592,0.8932058405141666,0.24815682854331345,0.9678461240751787,0.06158181155267547,47.953495776478235
img_44.jpg,45.879561163275945,0.8555522952529996,0.8982271461208923,0.25240669312007025,0.9673943682888008,0.0637091387318093,47.92488628979857
img_45.jpg,45.9610296035472,0.8573389410537297,0.8968445505825652,0.25411718494582153,0.9670821389276805,0.06457554368478885,47.9519395711501
img_46.jpg,45.44852308294208,0.858362676056338,0.8953323100548726,0.2538033092365033,0.9672117428883542,0.06441611977940011,47.92759909031839
img_47.jpg,45.883020344287935,0.8679838288993219,0.8925236746864436,0.249428166558699,0.9670259867711825,0.06221441027283409,48.02051007147498
img_48.jpg,46.71295318205529,0.8788438967136151,0.8894267332465741,0.249087223889903,0.9665362882361758,0.062044445105178675,48.02009746588694
img_49.jpg,46.957814945226914,0.8883052947313511,0.8862725323264941,0.24931219952677833,0.96669051632689,0.06215657283288013,48.155721247563356
img_50.jpg,47.10895279081898,0.8893062076160667,0.8849126720459585,0.24798649471221723,0.967018416376473,0.06149730155965255,48.37099090318389
img_51.jpg,46.98981155451226,0.8955431664058423,0.8813844636599885,0.24580476266768506,0.9676001692077593,0.060419981350116975,48.57830734243015
img_52.jpg,55.442990349504434,0.993961919666145,0.8673116867420737,0.23897321101982363,0.9688908353240363,0.05710819558512516,53.54846328784925
img_53.jpg,42.162822769953046,0.861733828899322,0.8804018803928266,0.2441195319707068,0.9679056674648805,0.05959434588959693,45.7259681611436
img_54.jpg,56.806703182055294,1.0319770474700052,0.8541434378813529,0.23232858019031102,0.96907386656485,0.05397656917324578,53.920292397660816
img_55.jpg,43.88740871152843,0.8932316118935837,0.8723160025334349,0.23759109121768074,0.9682074413644617,0.056449526626008294,46.79655945419103
img_56.jpg,56.95907994261868,1.0309826551904016,0.854517583983953,0.231273558460851,0.9694940010790164,0.05348745884314465,54.38610786224821
img_57.jpg,44.05055425143452,0.9124804381846635,0.863300974488149,0.23549694046515285,0.9681783569513238,0.05545880896844775,46.88288823911631
img_58.jpg,57.05837897756912,1.0376369327073551,0.8509847089406404,0.23083928598371414,0.9695425911445502,0.05328677595347097,54.29109486679662
img_59.jpg,43.41249673969744,0.9026245435576422,0.8669921065311222,0.23602567180889947,0.9686404761347316,0.05570811775284232,46.67083820662768
img_60.jpg,57.293329420970274,1.0643192488262911,0.8446844087254305,0.23106663699567015,0.9693574960367504,0.05339179073248881,54.08495451591943
img_61.jpg,44.32706703182054,0.9196335419926969,0.8625029891183286,0.23664621141200629,0.9675218248967796,0.05600142937565597,46.158651721897336
img_62.jpg,58.68005346896193,1.102999478351591,0.832506509152121,0.22927166002645008,0.9688707936180238,0.05256549409128411,54.075074723846654
img_63.jpg,54.44967070944183,1.0385400365153885,0.843335101889036,0.23247063693971215,0.9671689731106238,0.05404259703915546,50.69475633528265
img_64.jpg,54.31896191966614,1.0499478351591025,0.8385587371043086,0.23300905844669498,0.9676609491106584,0.05429322131821531,50.72749187784275
img_65.jpg,56.12854394887845,1.082645409494001,0.8342321051996506,0.23194336441114163,0.9672864050245507,0.05379772429435964,50.96830734243015
img_66.jpg,54.09041145018257,1.0520442097026603,0.8365703076845276,0.22999203897403325,0.9686596683565808,0.05289633799143323,51.36628330084471
img_67.jpg,51.949696791862294,1.0386965310380805,0.83851924585212,0.2320499729968669,0.9664975420286209,0.053847189967846654,48.34832683560754
img_68.jpg,88.21051447574332,1.3148311163275952,0.8130116640995598,0.22651224771664005,0.9656165217185014,0.05130779836564451,60.617592592592594
img_69.jpg,96.71337376108504,1.3239045383411578,0.823888352698132,0.230177127065602,0.9642330138061406,0.052981509824174294,57.94840155945419
img_70.jpg,158.01815988523737,1.6589593114241001,0.7888283318124397,0.2242754545585463,0.969928235718387,0.05029947951744257,74.14946393762183
img_71.jpg,195.0782374804382,1.7942325247782995,0.7663122723409839,0.2197946956508632,0.9759735320407718,0.048309708236255584,88.77360298895387
img_72.jpg,225.73973982785603,1.9229557902973395,0.7447730434663018,0.2157189247982096,0.9779779240912144,0.0465346545160956,104.20975633528265
img_73.jpg,231.94795252999478,2.001571465832029,0.726113180444076,0.21474675506429194,0.9786780569704745,0.046116168810642996,108.31914554905784
img_74.jpg,157.68287689097548,1.7576421491914447,0.752946868424977,0.22106188143663916,0.9789805036785487,0.04886835542430671,79.9103086419753
img_75.jpg,110.70990805946792,1.4984774387063118,0.7940026817197233,0.2302241241485359,0.9796343722294842,0.05300314733996048,66.7048310591293
img_76.jpg,102.238748695879,1.4378227699530517,0.8056086028551251,0.23081532438227337,0.979532290069475,0.05327571396969408,65.11262183235867
img_77.jpg,99.67255477308294,1.4277582159624411,0.810506020130531,0.2328816088905789,0.9788424839831933,0.054233843759464564,64.33905782975958
img_78.jpg,191.421423448096,2.034764606155451,0.7176390380958555,0.21672801472088263,0.9815994983091894,0.046971032364855114,91.1687004548408
img_79.jpg,183.6511052425665,1.9897202660406883,0.7269302250105127,0.21848271495912036,0.9817896015395379,0.04773469673590824,84.79860948667967
img_80.jpg,167.673898017736,2.1021061554512257,0.7148900136929667,0.2199101377790486,0.9826264438265353,0.04836046869800015,78.73141000649773
img_81.jpg,190.62306338028165,2.2930881585811163,0.6945976066567014,0.21544499420456187,0.9808253163976438,0.04641654552780369,103.07529239766082
img_82.jpg,147.91019496609283,2.0072932968179447,0.7134425506382931,0.21718242622847844,0.984319095270203,0.047168206262488487,81.27425601039636
img_83.jpg,146.51186098069903,2.054518779342723,0.7068835149773187,0.21587664794770914,0.9839931747041513,0.046602727129139154,81.97106562703054
img_84.jpg,147.5960582942097,2.0519529212310905,0.7037208355770855,0.21491941320432645,0.9837353133713794,0.04619035417209201,81.85392137751786
img_85.jpg,151.38867370892015,2.049967396974439,0.7022199367831438,0.21508839774753832,0.9834753375040975,0.04626301884560324,80.6612930474334
img_86.jpg,156.5517214397496,2.0470592070944185,0.7065816739500784,0.2152006530916968,0.9833994397375115,0.04631132109109283,78.80737491877842
img_87.jpg,159.26724700052165,2.0573682837767344,0.7057606052331235,0.21664412242672093,0.983716359211882,0.04693467578204404,76.37397660818714
img_88.jpg,158.8106057642149,2.0937239175795517,0.6936727027996131,0.21637548365247225,0.9835984083960632,0.04681834992584129,75.38318713450292
img_89.jpg,160.42611502347418,2.159826551904017,0.6828074626060292,0.21620794750281627,0.9831622046500035,0.046745876563380556,74.56139051332033
img_90.jpg,165.23148148148147,2.208841940532081,0.6779549393211235,0.21606241289526495,0.9826310140288795,0.046682966266123956,74.41211176088369
img_91.jpg,171.11514736567557,2.2742566510172146,0.6741158251034123,0.21612406969042247,0.9820489159532835,0.04670961349955059,74.13895386614685
img_92.jpg,173.5808033385498,2.3112610850286908,0.6676589752621537,0.21609602864679267,0.9819324939259599,0.04669749359691543,73.7699805068226
img_93.jpg,174.59291536254568,2.3472515649452266,0.6602538145553297,0.2158455868679464,0.9820294137288931,0.04658931737036819,73.57079597141
img_94.jpg,172.74038536776212,2.3580366458007305,0.6546808293701323,0.2156674475071357,0.98248729194825,0.04651244791424313,73.7875698505523
img_95.jpg,170.9434076682316,2.3546622326551905,0.6541183381634021,0.21610391656795214,0.98282881841015,0.04670090275600842,73.87075048732943
img_96.jpg,171.42363393322898,2.3711561032863853,0.6500708273744802,0.21664785817862015,0.9828913773857357,0.04693629445338351,73.80610461338532
img_97.jpg,175.3010400365154,2.378687402190923,0.6510600749353764,0.21691748790723292,0.9827165737549654,0.047053196559984536,74.02341780376868
img_98.jpg,176.9487578247261,2.4005444705268646,0.6483029284291729,0.21687827258464332,0.9826389519574702,0.04703618511929885,73.74379792072774
img_99.jpg,180.15158450704226,2.406709702660407,0.6504224744318592,0.21708238412616143,0.9825835123343171,0.0471247614978983,73.88423326835607
img_100.jpg,182.29370435576422,2.40001630151278,0.6501326848224444,0.21735041694904275,0.9825194464009758,0.047241203747922726,73.5569363222872
img_101.jpg,184.34020279081898,2.393443531559729,0.6479464026039992,0.2178591191780052,0.9824659958329367,0.04746259580901628,73.47374593892138
img_102.jpg,182.0367273082942,2.357436750130412,0.6520614350945004,0.21762033138775244,0.9827373861544264,0.04735860863331519,73.08720597790773
img_103.jpg,181.69216549295774,2.3683392018779346,0.6455765760272636,0.21696075643096285,0.9828948311550038,0.047071969831095586,73.31506172839507
img_104.jpg,178.57369587897756,2.3472939488784554,0.6465285212396223,0.2162252378652745,0.9832119983578,0.04675335348989454,72.92475308641976
img_105.jpg,175.27402842983827,2.354883933229004,0.6404848774010864,0.21640502060660086,0.9833870585671075,0.046831132943743345,72.7182293697206
img_106.jpg,175.47192227438705,2.356820552947313,0.6381870292935704,0.21633510479259188,0.9833354731611155,0.046800877565621714,73.4456530214425
img_107.jpg,176.05240610328636,2.37000521648409,0.6331078070849719,0.21621942130695745,0.9831484598839667,0.04675083815031556,74.0319330734243
img_108.jpg,175.8244848721961,2.3718309859154934,0.6274251657493581,0.21525676500835084,0.9829187578729265,0.04633547488186037,73.73610786224822
img_109.jpg,176.1298317683881,2.40674882629108,0.6203867168205177,0.2142466312086939,0.9826696716485935,0.045901618984274084,73.14217348927875
img_110.jpg,180.7055685967658,2.4565923317683884,0.6154121563049185,0.21442709973284,0.9823403364811555,0.04597898109983731,74.12339181286549
img_111.jpg,180.61632433489825,2.4728840636411054,0.6125399066118309,0.21403795910729315,0.9821081531111956,0.04581224793881529,73.35270305393112
img_112.jpg,181.24594418362022,2.465818988002087,0.6121307284538199,0.21385028642284956,0.9818669232648574,0.045731945003134794,72.96233918128655
img_113.jpg,183.5681501043297,2.5056044600938967,0.6093273918125011,0.21421539401757708,0.9816125291022745,0.045888235034105794,73.04528914879792
img_114.jpg,191.90838223787168,2.6230209963484614,0.5979393018939025,0.2140950735201862,0.9810914454421916,0.04583670050561393,74.31332033788175
img_115.jpg,193.82151147626496,2.681618414188837,0.5956679056781699,0.21424861475610935,0.9810905550057273,0.04590246892491175,74.04367771280052
img_116.jpg,191.47297535211263,2.700361893583724,0.5924560970446265,0.21365226540268603,0.9814005242656703,0.045647290511699794,72.9143599740091
img_117.jpg,194.75610654668753,2.7553501564945226,0.5852924154222975,0.21386755213516973,0.9815383622586801,0.04573932985628954,73.87979207277453
img_118.jpg,192.5794698748044,2.768130542514345,0.5798463854304339,0.2139063365408704,0.9818115602322377,0.04575592081233611,73.27990903183886
img_119.jpg,190.64209376630149,2.7761834898278557,0.578212842213766,0.2140426418933443,0.98187317898785,0.045814252548682426,72.6099870045484
img_120.jpg,195.49858828899323,2.856171752738654,0.571377431912334,0.2144292447010522,0.9816145988880384,0.045979900983063725,74.02720922677064
img_121.jpg,195.80630216484087,2.9023050339071466,0.5658740625308823,0.21420594136414456,0.9815747359706211,0.045884185315699336,74.18275503573749
img_122.jpg,190.88710224308818,2.8607785602503917,0.570259254997934,0.2141235267717311,0.9817725545245929,0.04584888471716425,72.42011371020143
img_123.jpg,192.71324660928536,2.8888986697965566,0.5701028538645554,0.2144021677984413,0.9817174158512694,0.045968289556670976,72.81404808317089
img_124.jpg,195.04924034950443,2.92492501304121,0.5694057184265713,0.21427593930405023,0.981725126333391,0.045914178164633015,73.23534762833009
img_125.jpg,197.95417644757435,2.941043948878456,0.5742366589932476,0.21481792219399015,0.9818286905163769,0.04614673969574321,73.24625406107862
img_126.jpg,197.01132303077728,2.924475091288471,0.578628153517295,0.2147466254780271,0.9820094541531799,0.046116113154200035,72.39202404158544
img_127.jpg,200.11988784559205,2.9634976525821592,0.5828937173899325,0.21509355530806987,0.9820746489503135,0.04626523753506571,72.82842755035738
img_128.jpg,198.0434533124674,2.9363458528951485,0.5906633811464345,0.2153285744384261,0.9824035339938816,0.0463663949696848,72.24800844704353
img_129.jpg,200.26992370892017,2.9629531820552946,0.594818886782315,0.21573048142259676,0.9824539169797255,0.04653964061482537,72.77
img_130.jpg,201.4858176838811,2.962180490349504,0.5999466826034403,0.21634052954566907,0.982579379641646,0.04680322472410051,73.01799870045484
img_131.jpg,199.48082942097028,2.946361502347417,0.6058178830263447,0.2165922420017376,0.982630332553747,0.04691219929533927,72.33793047433399
img_132.jpg,200.56199139280127,2.959617892540428,0.609803294122856,0.21738859679641742,0.9827270441763298,0.047257802017115345,72.40448667966211
img_133.jpg,201.2462832550861,2.966131977047471,0.6114661691666695,0.2178463678523144,0.9829175987991153,0.047457039986445876,72.45416504223522
img_134.jpg,201.06151538862807,2.95066510172144,0.6171467615939036,0.21787397500613695,0.9832927300628906,0.04746906898497479,72.4770890188434
img_135.jpg,202.6590049556599,2.9470526864893056,0.620218100633565,0.21794237166806926,0.9834015980512029,0.04749887736830284,73.01446393762183
img_136.jpg,198.38299100156496,2.8995533385498176,0.6211128012254108,0.21827947107857085,0.9837087635712067,0.04764592749434064,72.00787199480182
img_137.jpg,196.4052784298383,2.871834246218049,0.6231489698264687,0.21854005931833181,0.9839704469093498,0.04775975752685999,71.96522742040285
img_138.jpg,192.64591158059466,2.8251369327073554,0.6211756497218051,0.21821445775918888,0.9842528045214599,0.04761754957513682,71.47325860948668
img_139.jpg,195.19079290558165,2.8408124673969746,0.619353386424287,0.21827468191174867,0.9842148091804882,0.04764383676367506,72.18418778427551
img_140.jpg,193.07398604590506,2.8324302295252997,0.6078633000752497,0.21813854400917762,0.984406575810333,0.047584424382443924,72.17846003898636
img_141.jpg,189.9486567553469,3.1802686489306202,0.5478453323075883,0.2146048419450872,0.9842479951345916,0.046055238186275854,71.95246913580247
img_142.jpg,195.2418818466354,4.111052425665101,0.495280675237489,0.21299353239441568,0.9837898022122537,0.045366244841851006,71.22475308641975
img_143.jpg,197.25385041731874,4.502794079290558,0.47845474915101344,0.21247843517924206,0.9833493605195465,0.04514708541621937,71.90123456790124
img_144.jpg,193.422355894627,4.6007009650495565,0.48292021721904577,0.21280508298699313,0.9845686427976117,0.04528600334510103,70.77561403508771
img_145.jpg,187.4702106155451,3.9070129107981217,0.556358988473626,0.21698395654306324,0.9856960883015023,0.04708203739708195,67.87907407407407
img_146.jpg,189.59949139280124,3.272196139801773,0.6024340768061819,0.21900871990992932,0.9850524145508972,0.04796481939658587,70.87156920077973
img_147.jpg,178.81179577464792,2.74754825247783,0.6338043691954053,0.2205090641951803,0.985566311399195,0.04862424739223414,70.5417738791423
img_148.jpg,177.7832616066771,2.5490479916536253,0.6387536879450131,0.22041002873553966,0.9855273473046792,0.04858058076720142,72.1782131254061
img_149.jpg,173.49983046426706,2.502340897235263,0.6381907496657246,0.2187342221079976,0.9857558430057879,0.047844659921190816,71.07378492527616
img_150.jpg,175.2410374282734,2.5317325247783,0.6373915174017707,0.21833281279588126,0.9856679825957303,0.04766921714336134,71.79900909681612
img_151.jpg,172.233372456964,2.505268648930621,0.6381819537974299,0.21783224336724774,0.9858834655031711,0.04745088625040785,70.83879467186485
img_152.jpg,173.19641040688578,2.507019431403234,0.6385282309670123,0.21737370476460544,0.9859199287216718,0.047251327523089845,71.35061403508772
img_153.jpg,173.4596733176839,2.5275984611371936,0.6362804232980398,0.21679583144071515,0.9858314730447338,0.047000432530070975,71.54131578947369
img_154.jpg,174.94845787689093,2.5143225091288475,0.6366064004157983,0.21648921491739692,0.9858446144664272,0.04686758017555088,72.2196881091618
img_155.jpg,170.7625358633281,2.442667579551382,0.642753552925697,0.21687860380545668,0.9860521985414381,0.04703632878860425,70.79610136452241
img_156.jpg,174.44322509128844,2.473265519040167,0.6393937946547908,0.2165311058406407,0.9859620787708961,0.04688571979657074,71.79627030539311
img_157.jpg,172.07754629629628,2.4549719613980177,0.6401882867189127,0.21629038267696576,0.9861977198365118,0.04678152963854829,71.72642625081221
img_158.jpg,169.386919666145,2.4861763171622324,0.6392833274691136,0.2164432385499134,0.9862960778088263,0.04684767551397472,70.87202729044834
img_159.jpg,171.3571139801774,2.506885758998435,0.6386609270459009,0.21613687157708186,0.9861214796866152,0.04671514725512798,70.92722871994802
img_160.jpg,177.06986176317164,2.5064553990610325,0.6394855531295826,0.21590409050445566,0.9857728461202173,0.04661457629655619,72.3487037037037
img_161.jpg,180.35858763693273,2.533783255086072,0.6392191977271995,0.21599482367288267,0.9854682537479298,0.04665376385347967,72.82198180636777
img_162.jpg,177.4918101199791,2.5770474700052164,0.6325192404209747,0.21566149026913048,0.985507990679338,0.04650987838510226,71.93220922677062
img_163.jpg,174.63085224308816,2.5873793688054247,0.6336514953434265,0.21588815427807811,0.9856591414225274,0.04660769515759526,71.43023066926575
img_164.jpg,170.86687858633283,2.595517083985394,0.6337417319384432,0.2164951283159008,0.9857770314283709,0.04687014058451835,70.5766016894087
img_165.jpg,171.78027516953574,2.6434728742827334,0.6258680846729743,0.2164919826542857,0.9856678783001687,0.04686877855358354,71.18393437296946
img_166.jpg,174.9463549817423,2.780451225873761,0.6094254516738628,0.21558220524044883,0.9854680730132992,0.046475687216335,72.78457115009746
img_167.jpg,170.97051708398538,2.886225221700574,0.599662201804629,0.21536406256602747,0.985372938081632,0.0463816794449438,71.34071799870046
img_168.jpg,172.58860198226392,2.980320813771518,0.5868246926669166,0.2147818959932993,0.9854251467361431,0.046131262846476444,72.57553606237816
img_169.jpg,169.88314097548255,2.9965603808033388,0.5890571336670989,0.2154002491920255,0.9856149885165966,0.04639726735198668,72.32003898635477
img_170.jpg,187.1496413667188,3.342436098069901,0.5741738662609818,0.21454742705043123,0.9843530752257682,0.04603059845396011,74.43932748538012
img_171.jpg,163.103025560772,3.2357394366197187,0.5656778024332284,0.21425068188271795,0.9858566466516657,0.04590335468720961,72.56169590643275
img_172.jpg,160.8731514084507,3.4014247522170056,0.5489458895725838,0.21338084669293142,0.9858682826175649,0.0455313857353923,73.14684535412606
img_173.jpg,158.13999739175796,3.5282276995305164,0.5380916455625745,0.21301890065148898,0.9859658419754886,0.04537705203476894,73.32399610136453
img_174.jpg,162.47663015127802,3.7603547209181016,0.5206637443126753,0.21244433866823206,0.9855886027720587,0.04513259703218248,75.9237069525666
img_175.jpg,162.15684663536777,3.987278299426187,0.5040812302031542,0.2120333935038296,0.9856537218823527,0.04495815996074985,76.69411306042885
img_176.jpg,163.63681859676578,4.02785928534168,0.5038286007512679,0.21222940417866845,0.9856334238868844,0.04504131999803261,75.40606887589344
img_177.jpg,167.76389866979656,4.04644300991132,0.5038945166575032,0.21182901621447345,0.9855424960404234,0.04487153211039165,77.07045159194281
img_178.jpg,177.51351395409492,4.318736958789776,0.49969398484357175,0.21286479165232652,0.9845906383501167,0.045311419525188384,76.66758609486679
img_179.jpg,166.85865936358894,4.2820748565466875,0.501790660566633,0.21192274831232422,0.985485209632861,0.04491125125224872,76.7285412605588
img_180.jpg,162.16854460093896,4.2886411058946265,0.5008559286976351,0.21202946570691053,0.9859166089365192,0.044956494327957945,75.59718323586745
img_181.jpg,167.76085028690665,4.5282603025560775,0.490953253850562,0.21177748094169338,0.9851960916305174,0.0448497014340093,76.50654645873944
img_182.jpg,163.07524778299424,4.47203312467397,0.48087407308349983,0.2113030426537022,0.9855254057788015,0.044648975834712286,77.99713450292397
img_183.jpg,168.98646974439225,4.752536515388628,0.4590898564610976,0.21103966444885064,0.985423245407641,0.04453773997068347,82.9283918128655
img_184.jpg,167.8948193792384,5.027044209702661,0.4417203436590272,0.21012094617416174,0.9853999731039972,0.04415081202112498,83.87225471085121
img_185.jpg,178.52190271257172,5.552060511215441,0.43091966262466214,0.2097948877308086,0.9841291559896379,0.04401389491798258,81.15217024041586
img_186.jpg,176.33365284298384,5.668603286384976,0.4228174079262146,0.20975351779832851,0.9837740197213332,0.04399653822877372,79.67681936322288
img_187.jpg,171.27928077725616,5.713174882629107,0.4147280705486492,0.20997401289713005,0.9848427163115928,0.04408908609212414,82.73755035737491
img_188.jpg,141.13842918622848,5.679900234741784,0.40393914877778575,0.21046975995059453,0.9868780128180008,0.044297519853660886,78.64537361923327
img_189.jpg,150.49739827856024,5.786274126238914,0.40834893930008953,0.20995103884751054,0.9853026050844466,0.04407943871314888,75.53138401559454
img_190.jpg,161.14690923317684,5.800645539906104,0.4164581461926387,0.20975971706350763,0.9843262250249323,0.043999138902562775,72.40519818063677
img_191.jpg,158.37039319248825,5.7770116066771,0.41932953261269346,0.20946046122291972,0.9852467275393488,0.04387368481571826,75.05424951267057
img_192.jpg,148.35992762128325,5.586081768388106,0.41860401907686884,0.20963618247897725,0.9856046433358746,0.04394732900435905,75.04731319038336
img_193.jpg,166.7799230568597,6.131038080333855,0.400745482247976,0.2091985930605735,0.9841188664615056,0.04376405133852343,80.29676088369071
img_194.jpg,181.6895213875848,6.4842462180490354,0.3944529008815589,0.2091836436492066,0.9829465956484859,0.04375779677035825,84.48569200779727
img_195.jpg,205.8840245174752,6.790721178925405,0.39160759918001675,0.20908342803602836,0.9817965981115507,0.04371587987929705,91.5438758934373
img_196.jpg,243.8147724308816,7.374383802816902,0.3809435664322927,0.20887359018693888,0.9794547813811516,0.043628176677581294,100.49164392462639
img_197.jpg,271.29570618153366,7.82649647887324,0.3705736622693758,0.2088315119962943,0.976802013464899,0.043610600402658406,103.97204353476283
img_198.jpg,275.4766464527908,8.059523343766301,0.3656043974723797,0.2088833603256339,0.9754908633033855,0.0436322582209286,101.53105588044184
img_199.jpg,298.67791471048514,8.514534428794992,0.3494385380677902,0.2088097624154571,0.9741476807466528,0.04360151687999964,103.70369070825211
img_200.jpg,236.27753977569117,7.772571074595723,0.35128603692030885,0.20897048823712863,0.9767377523753112,0.043668664954063914,90.69534762833008
img_201.jpg,172.74922730829422,6.695471439749609,0.3694567915737376,0.2098048433605808,0.9822800725732799,0.044018072297557845,82.32391812865497
img_202.jpg,172.42654212310902,6.812248956703181,0.36694230973254,0.20989221161568591,0.9827399799436868,0.04405474049692387,82.05277128005199
img_203.jpg,205.92504238393323,7.560664449660929,0.35278195293987075,0.20915733697931155,0.9807502354295443,0.043746791612277285,85.37899285250163
img_204.jpg,244.68698161189357,8.428622196139802,0.3348760337222327,0.20886470669406895,0.9787648244409373,0.04362446570239945,93.43715399610136
img_205.jpg,189.42671817944705,7.309979786124153,0.35638950719247803,0.20908363251000855,0.9827783487372053,0.0437159653835803,86.00168615984406
img_206.jpg,195.67168427230044,7.287398930620761,0.3557992126669093,0.20907874841487328,0.9818322979299102,0.04371392303872988,86.48843404808316
img_207.jpg,181.07409363588943,6.962793427230047,0.3641747323882224,0.2090477828573168,0.9832678408592375,0.04370097551755987,82.8667706302794
img_208.jpg,149.4601754042775,6.201848591549296,0.37879236250389986,0.2095614187280284,0.9852782839060088,0.04391598821930404,79.52746588693957
img_209.jpg,149.36382368283773,6.15078899321857,0.38002605474624035,0.2098395348601709,0.9848301100497181,0.04403263039033288,78.74824236517219
img_210.jpg,168.26531038080333,6.72415232133542,0.36589902669793317,0.2095780835461931,0.9835581860181315,0.043922973102895085,82.86723196881091
img_211.jpg,190.66522887323944,7.204137323943662,0.359132047789666,0.20932445393557872,0.9817706164006447,0.04381672701542822,86.60882066276803
img_212.jpg,169.99957290036514,6.948053599374022,0.3581577420496462,0.20917816937690015,0.9837463290649576,0.04375550654387113,84.44832033788174
img_213.jpg,207.58637845592068,7.688641105894627,0.34528260541636974,0.2089448840414454,0.9815642362887144,0.04365796456709306,89.23845679012345
img_214.jpg,204.3539319248826,7.419405320813771,0.3646743584415136,0.20945677703113882,0.9807029073322434,0.043872141444272206,84.4524236517219
img_215.jpg,235.752151799687,8.008137715179968,0.35173288240088735,0.20903018636434734,0.977942166277817,0.043693618811513776,85.86961013645224
img_216.jpg,195.23541666666668,7.1374510954616595,0.3658188688232274,0.20917791285818058,0.9806830882360271,0.043755399227704585,80.7059681611436
img_217.jpg,197.41175665101724,7.424778299426187,0.35510037757573804,0.20939312027672782,0.9805009323189967,0.0438454788192242,87.30189408706953
img_218.jpg,175.53633933229003,6.934063641105896,0.3644788706508278,0.20919538529185577,0.9833843603848395,0.043762709227407985,83.47548083170891
img_219.jpg,152.08929642670842,6.282638888888889,0.38236819033982683,0.20966236878685693,0.9845347170194249,0.043958308885316,77.02550682261209
img_220.jpg,233.62036384976528,7.660752477829943,0.3591362225165466,0.20907706082364394,0.9784598981948166,0.043713217362653704,86.40049057829759
img_221.jpg,177.63708920187793,6.8449465310380795,0.36793694904033225,0.2094469548757657,0.9833230610541203,0.043868026906731035,86.37666666666667
img_222.jpg,155.2607785602504,6.11116979655712,0.38530969482690386,0.20928810437579182,0.9851030639313323,0.04380151063321233,79.46929824561404
img_223.jpg,157.34097874282733,5.99883607198748,0.3988826274016076,0.20930887195835196,0.9848383783163945,0.04381020388047777,73.78118583495777
img_224.jpg,186.45101395409495,6.75234415753782,0.3708976751363769,0.20900887138358584,0.9835781916971928,0.043684708317040334,86.78462962962963
img_225.jpg,192.6360230829421,6.736140453834116,0.3716363166971957,0.2090852631091286,0.9823993975925932,0.04371664724941353,85.90450292397661
img_226.jpg,168.592178534168,6.054711137193531,0.39396740871479796,0.20943008518203288,0.9842864160938886,0.04386096057935355,80.62166666666667
img_227.jpg,127.2797046165884,5.308486567553468,0.40765125964041765,0.209643284131734,0.9877829510641343,0.04395030658153896,77.56996751137102
img_228.jpg,125.99244261867503,5.367090505998957,0.39349921334939875,0.2094890419312735,0.9887583030209866,0.04388565868928287,83.6483918128655
img_229.jpg,95.83013497652581,4.598751304121023,0.41291928923519683,0.20988357310827363,0.9903230575958261,0.04405111426069604,76.65266731643925
img_230.jpg,131.53517214397496,5.2858176838810635,0.39937543630951533,0.21031697659891355,0.9874865766535385,0.04423323064570795,85.79648797920727
img_231.jpg,203.14893062076163,6.195194314032343,0.3861246058452595,0.20927235710369646,0.9829497631589446,0.04379491944773706,92.22784275503574
img_232.jpg,129.24635172143974,5.1746446270213875,0.42062898929399795,0.209744955120525,0.9885855688160321,0.043992946198511046,78.56504548408057
img_233.jpg,98.8956931403234,4.427422404799166,0.4370708429579916,0.21040927257226377,0.991184744627351,0.0442720619843892,74.68583170890189
img_234.jpg,86.27373174230569,4.238194444444444,0.44991070599354616,0.21009485259126973,0.9920798676479332,0.04413984708534735,71.31294671864848
img_235.jpg,104.10156820552947,4.827011606677099,0.4305999604183249,0.2094743687445205,0.9907116386741288,0.04387951116091535,75.4351494476933
img_236.jpg,104.73838028169013,5.049980438184663,0.40490326127475273,0.20987841205677255,0.9901739461644238,0.0440489478474724,82.61565951916829
img_237.jpg,166.45742044861763,6.574967396974438,0.3666493892964324,0.20905161301748912,0.9856388186296621,0.04370257690521402,88.37667966211826
img_238.jpg,161.44304577464789,6.439459441836203,0.37014924216214495,0.20907698842682443,0.9865086861225826,0.04371318708963047,89.39721247563352
img_239.jpg,110.96504955659887,5.172906885758998,0.40306628281848556,0.2098692093143112,0.9902845669498608,0.04404508501821416,80.72163417803769
img_240.jpg,118.81247717788212,5.382847548252479,0.3861252719640902,0.2098065861475859,0.9905479219500403,0.04401880359090439,90.09254061078623
img_241.jpg,104.38577529994784,4.9830366458007305,0.4033078443081648,0.20993785160101333,0.9909963433865822,0.044073901534849094,81.8766179337232
img_242.jpg,111.22461528429838,4.930855503390714,0.4169583335498197,0.20970958306254187,0.9901930489922831,0.043978109228265144,75.44075373619233
img_243.jpg,110.30535993740219,4.957935576421491,0.41553172132609173,0.2096727742487216,0.9902463636205181,0.043962672261155376,75.97617933723197
img_244.jpg,171.12517605633803,6.435837245696401,0.3832397341114524,0.20929656390582463,0.9861277553428932,0.043805051662784936,85.54300194931774
img_245.jpg,162.12545318205528,6.336733828899322,0.3728887526689114,0.20920882831413515,0.9863926650835261,0.04376833384457328,87.3472579597141
img_246.jpg,137.03255412102243,5.936486045905061,0.3764178952799248,0.20925945644996974,0.9886570004952812,0.04378952011373678,88.90447043534763
img_247.jpg,110.50538928012519,5.247512389149713,0.3964943526410338,0.20935348448061433,0.9905138553939012,0.04382888146417483,79.6238758934373
img_248.jpg,137.3463582420449,5.515007172665623,0.41563945582574435,0.20969347489124934,0.988134906412319,0.043971353411967014,74.71489278752436
img_249.jpg,109.146628847157,4.856364110589463,0.427737691107911,0.2101393263745017,0.9910069269884165,0.044158536489129346,77.0453313840156
img_250.jpg,122.40217788210745,5.082772561293687,0.39799494039427114,0.20979308906233493,0.9899080858978441,0.044013140218316794,92.59588369070825
img_251.jpg,211.14823291601456,6.075958528951486,0.3743957642192053,0.20933659806372132,0.9836933003676834,0.04382181128889202,106.31795971410007
img_252.jpg,232.783952790819,6.107440010432969,0.37819956685907397,0.2090798695365165,0.9821089887649982,0.043714391845406764,101.4995029239766
img_253.jpg,163.26028951486697,5.200880281690141,0.4092675815040203,0.20991967114197863,0.9869074442485808,0.044066268332356454,90.68220272904483
img_254.jpg,127.9100645539906,5.017380672926448,0.41335565952270503,0.21018574325106198,0.9889228448722778,0.04417804666600134,87.27212800519818
img_255.jpg,168.91821531038082,5.644056468440271,0.3926055470421251,0.20938095769875098,0.9863998643733402,0.04384038544684615,96.5485607537362
img_256.jpg,186.8750521648409,5.678403755868544,0.39303495924510135,0.2093479577311076,0.9855630155799104,0.04382656740618562,95.10844379467187
img_257.jpg,137.4383607198748,5.308515910276473,0.40227110362464524,0.2094234668603666,0.9889049541441712,0.04385818847181507,87.3474041585445
img_258.jpg,119.23626108502869,4.9779733959311425,0.41606329405275194,0.20936405643875558,0.9899048461364095,0.04383330812849043,82.0883853151397
img_259.jpg,132.8635400365154,5.212183750652061,0.41306086824708155,0.2097309608836484,0.9885483168051344,0.04398707595317846,83.55739441195581
img_260.jpg,144.60666405842463,5.546720135628586,0.3966042703005643,0.20936679357420407,0.9875485866156587,0.04383445425154338,84.9979207277453
img_261.jpg,160.59589201877935,5.990356025039125,0.38078511327162196,0.20926146258312764,0.9861153350515034,0.04379035972242973,87.84913580246914
img_262.jpg,181.60208985393845,6.645530125195618,0.36781963020569647,0.20921653992679115,0.9838333568198917,0.04377156057893859,89.43811241065627
img_263.jpg,216.8834181011998,7.577393062076161,0.3460856836415611,0.2088868569868709,0.9808535032610384,0.04363371902185345,96.52325211176088
img_264.jpg,229.67028886280647,8.032586724047992,0.33662419652795694,0.20900911773494762,0.9810584874832049,0.0436848112963412,106.0264554905783
img_265.jpg,230.85097483046425,8.284360328638497,0.32941043208656196,0.20882891225067782,0.9799653925283294,0.0436095145918013,101.68913580246914
img_266.jpg,202.44586267605635,7.410168883672404,0.35231553343064315,0.20946590807299142,0.9805270186925479,0.04387596664484289,86.50130604288499
img_267.jpg,293.3899876108503,9.087405451225873,0.329317697900357,0.20873930419030245,0.9751707209424462,0.04357209711385162,97.315955165692
img_268.jpg,201.3064358372457,7.359526604068857,0.3742517031606435,0.20962972978091438,0.9805359408871397,0.04394462360801918,79.005477582846
img_269.jpg,238.32187989045383,7.756230438184664,0.3756943478295658,0.20951842748284963,0.9771769852573734,0.04389797145488612,82.02320012995452
img_270.jpg,320.27234285341683,8.940502738654148,0.3657471372088966,0.20928541776290116,0.9719618694367208,0.04380038608819206,86.04232943469786
img_271.jpg,232.9173317683881,7.469698748043818,0.3916551896299442,0.209968697385694,0.9792360991966024,0.04408685388184514,77.08246588693957
img_272.jpg,318.09515519040167,8.443466353677621,0.3893628041767785,0.20952850831310246,0.9735282871117377,0.043902195795913854,82.92152696556205
img_273.jpg,331.3944607459572,8.255663145539906,0.4125288123246117,0.21048462109768015,0.9709231917499482,0.044303775718633975,80.2308089668616
img_274.jpg,365.6778136411059,8.867028560250391,0.40069827007118775,0.20982426439097387,0.9715121329522475,0.04402622192721331,90.2432423651722
img_275.jpg,341.51796752738653,8.631380412102244,0.3883910676596895,0.20946848915472027,0.9715511968297446,0.04387704794876117,88.89535737491877
img_276.jpg,283.92323943661967,8.121081116327595,0.38232681437040267,0.2093214213100468,0.9758874012487919,0.043815457419258116,90.48618583495777
img_277.jpg,240.54745696400627,7.426186750130412,0.38656926929218094,0.20942606277828077,0.9787690911688404,0.043859275770812396,85.09539636127356
img_278.jpg,184.37471961398015,6.96692097026604,0.38105170600118815,0.20971726952057163,0.9839715995512593,0.043981333135164086,86.51723196881092
img_279.jpg,186.49869587897757,6.984246218049034,0.3694806945090144,0.20933604078077422,0.9838405240595866,0.043821577969769966,90.06689733593242
img_280.jpg,178.04947509128849,6.998268779342722,0.3597722238567303,0.20922576695677608,0.9846677817621805,0.04377542155865117,94.1545094217024
img_281.jpg,185.65085745957225,7.181152190923318,0.3539251470133646,0.20914971141215705,0.9836805288917523,0.043743601783788576,95.68403833658219
img_282.jpg,209.99931859676576,7.739113849765258,0.33807707567228173,0.20882884536692742,0.9826606781907875,0.04360948665728408,104.07507147498376
img_283.jpg,209.88605242566513,7.698272039645278,0.33870651388468265,0.20892381098182758,0.9827214255915797,0.043649158795170416,103.15674139051332
img_284.jpg,228.90059663536778,7.429900234741783,0.3555098425404999,0.20902390362492937,0.9791512871318512,0.04369099228660376,88.47972384665367
img_285.jpg,231.41410732916015,7.391063510693792,0.38703879885820724,0.20931435464474424,0.97850978466309,0.04381249906034577,74.11090968161143
img_286.jpg,288.85404603547215,8.27598135106938,0.3952585187362318,0.2096073999696404,0.9737437796817656,0.04393526212203281,79.08042235217674
img_287.jpg,383.65902451747525,8.718003390714658,0.40004766421987703,0.20946346823822454,0.9668214309111167,0.0438749445263857,86.39722222222223
img_288.jpg,329.2760302556078,8.197665623369849,0.42382445957185566,0.2104426453132257,0.9709706434316566,0.04428610696642812,79.5104808317089
img_289.jpg,347.489035602504,8.40258541992697,0.4174024717960304,0.21003850241557812,0.9707142627245354,0.044116172496978814,83.94891163092917
img_290.jpg,296.5028299426187,7.6670187793427225,0.43483716227073477,0.21069344180425215,0.9731538100704531,0.044391726419321785,77.78158869395712
img_291.jpg,299.5361241523213,7.84059076682316,0.4435380838829683,0.2107966203425114,0.9728873312997752,0.04443521514782489,75.19179987004549
img_292.jpg,269.53038601982263,7.719411841418882,0.42141291000867426,0.21131971408739364,0.9756745573365696,0.044656021561977795,73.66105588044185
img_293.jpg,294.6582974700052,8.507091158059469,0.38002626354864055,0.20976752841797194,0.973330621679393,0.04400241597858467,79.84075048732943
img_294.jpg,290.43956703182056,8.45565988523735,0.36438481740291684,0.20934186254984874,0.9755312800202603,0.043824015415839766,87.96319363222872
img_295.jpg,270.4180164319249,8.34788080333855,0.35705096830281474,0.20911072191740768,0.9771101839347015,0.0437272940208194,89.35122482131254
img_296.jpg,204.35003586332812,6.885253651538863,0.3749781420163422,0.21001725818798464,0.9816497450452379,0.0441072487367986,82.24686809616634
img_297.jpg,191.47522170057383,6.529173187271779,0.3811151841543549,0.20960185298665016,0.9825812673243719,0.0439329367754373,77.12202079272255
img_298.jpg,191.31383020344288,6.56806859676578,0.38089574469349347,0.2096518789997101,0.983527662182914,0.043953910368109084,76.89478232618583
img_299.jpg,218.07500326030254,7.365646191966614,0.36639691240809996,0.20909318984404912,0.9819092410641058,0.043719962039159566,82.87714100064977
img_300.jpg,198.28787167449138,7.299034950443401,0.3645154294189264,0.20929066708092048,0.9837786025378236,0.04380258332717669,89.25733268356075
img_301.jpg,175.9464593114241,6.934480959833072,0.36712832847863225,0.20935044613195392,0.9852608496111699,0.043827609295648134,88.54575698505523
img_302.jpg,97.47845592070942,5.164958268127282,0.4016274803801073,0.21055475780028973,0.9912986010137556,0.04433330603233867,81.39625406107862
img_303.jpg,116.96192944705271,5.404039514866979,0.3996474134484953,0.21008355946868373,0.9899759710227292,0.044135101959031975,85.46089668615984
img_304.jpg,124.21897170057383,5.267471961398018,0.4082408730027464,0.21027487034165981,0.9893468065377707,0.04421552109720185,85.41407407407408
img_305.jpg,140.31151864893064,5.344806338028169,0.40770310096492834,0.21048664252087498,0.9875553750728999,0.044304626679710614,85.83912605588044
img_306.jpg,161.08917253521122,5.901000912884716,0.3916892144478314,0.2100575192327927,0.9861424121021355,0.04412416138623508,91.2438791423002
img_307.jpg,136.43806729264475,5.478553729786125,0.3969674536379103,0.21018693872584504,0.9882051914387353,0.04417854921094214,88.07892787524366
img_308.jpg,81.78890845070423,4.596994001043297,0.4167677625839515,0.2100123917057215,0.992340526918214,0.0441052046699574,76.75736192332684
img_309.jpg,101.89928599374022,5.0531918362024,0.4012129120276874,0.20997679346349157,0.9912576897003883,0.04409025379320979,83.67558804418454
img_310.jpg,128.12538145539907,5.624572900365153,0.3842603220174601,0.20932554819886398,0.9896114708626144,0.043817185128754925,88.11379142300196
img_311.jpg,130.0307153103808,5.57083659363589,0.3777373496853702,0.20920185733178337,0.9892192154183449,0.04376541711106784,88.9285542560104
img_312.jpg,151.46418557642147,5.334588549817424,0.3890906247301176,0.2094147712018516,0.9873757762163528,0.04385454639752385,87.03906757634827
img_313.jpg,117.71041014606153,5.0581148930620765,0.40004012489127605,0.210584680211207,0.9900280546898147,0.04434590753965632,86.6198343079922
img_314.jpg,95.25662819509652,4.4018681533646316,0.4230987919475523,0.21016974728691104,0.9914164340770082,0.04417132267464405,78.50526640675764
img_315.jpg,80.12298187271777,4.048881716223265,0.4376314594238328,0.21019852505735917,0.9929910310296212,0.04418341993628925,74.84012670565302
img_316.jpg,75.35735850286908,4.0281527125717265,0.454267331079656,0.21060871134690645,0.9938479880578284,0.04435602929520457,72.54621182586095
img_317.jpg,73.82129955659886,4.119193401147626,0.45308373556054443,0.21078289688726454,0.9942580113891283,0.04442942962018719,74.21214424951268
img_318.jpg,81.22648669796557,4.486365414710485,0.43727862063120987,0.21050127832233403,0.9940051272319909,0.044310788175336735,81.3661306042885
img_319.jpg,85.21946400625977,4.521354981742306,0.43264723331309646,0.2102959087032897,0.9937006419952163,0.04422436921734236,82.57753086419753
img_320.jpg,94.09276538862807,4.583995174752217,0.42340258048498575,0.21009061037983923,0.9930269680929037,0.04413806456977341,84.76522742040287
img_321.jpg,97.9976623630673,4.64153951486698,0.4188821675680536,0.20984872127656268,0.9926080715617015,0.04403648582140849,86.04630604288499
img_322.jpg,113.20442097026603,4.983274647887324,0.40317360932051943,0.20954572948246242,0.9921346159514358,0.04390941274433732,95.21691358024691
img_323.jpg,116.86368022952531,5.146537558685446,0.3967242398169815,0.20941067997868748,0.992152452321632,0.043852832889136266,100.13049707602339
img_324.jpg,125.23187923839332,5.195650756390193,0.39999479698432483,0.20975895739327172,0.9910082428048387,0.043998820206712384,99.52797595841456
img_325.jpg,163.63443857589985,5.2212995565988525,0.40384146837094326,0.2102598923000152,0.9877842764715692,0.044209222310014,98.90480831708902
img_326.jpg,126.8787330464267,4.761962050078247,0.4174091463599914,0.21058724717679714,0.9894222370091686,0.04434698867350146,87.08768356075373
img_327.jpg,125.54989893062077,4.883779994783516,0.4137847777785843,0.20997970312955416,0.9902439876810978,0.044091475726375694,91.16724171539961
img_328.jpg,124.85539906103286,4.951108502869066,0.4074868120267678,0.20989181786593655,0.9910292522614113,0.04405457520706749,101.1421085120208
img_329.jpg,144.3570878977569,5.231214136671883,0.3976514987810223,0.20995363097631833,0.9897614707295279,0.04408052716014006,107.19092267706303
img_330.jpg,169.37189619196664,5.3107198748043825,0.4021168837993167,0.20947122959407943,0.9869102809280796,0.04387819602765554,103.00108512020793
img_331.jpg,206.3867044861763,5.4020865936358895,0.408906413511651,0.2095066227161911,0.9841439725047672,0.04389302496194445,102.02150422352177
img_332.jpg,166.93457224830465,4.762636932707355,0.4348550971261152,0.21029844239682222,0.9864054013892195,0.044225434874529554,89.75441195581547
img_333.jpg,131.8928892801252,4.466519953051644,0.4432676340344906,0.21069065651902133,0.989403920845513,0.04439055274441623,87.24740740740741
img_334.jpg,133.9665753781951,4.833933229003652,0.4272471152727716,0.2101299427826958,0.9888783729726413,0.04415459285385901,92.24107862248214
img_335.jpg,164.232528038602,5.269695487741262,0.40992182222295787,0.2095092885321011,0.9867626289946719,0.04389414198122719,102.02446068875894
img_336.jpg,194.64237415232134,5.421612545644236,0.4065611258955595,0.20941013807000544,0.9849285355089125,0.04385260592649874,106.77494476933073
img_337.jpg,229.4666145018258,5.575189097548253,0.39771749352988295,0.20910089174190494,0.9822465465776798,0.043723182927259845,114.4266179337232
img_338.jpg,260.40996022430886,5.871110459050599,0.3849833564747156,0.2089145646116581,0.9810136306300313,0.04364529530687867,119.20042235217674
img_339.jpg,232.32699204486178,5.392967527386542,0.4060218650501537,0.20978687213732464,0.9821447772933346,0.04401053172116219,110.9838693957115
img_340.jpg,220.05647170057384,5.117732785602504,0.41946873453067735,0.21005880505497165,0.9826796460683148,0.04412470158112259,105.44070825211176
img_341.jpg,156.11334767866455,4.256455399061033,0.457932969074548,0.21122887612960078,0.9863583582786909,0.04461763811097423,92.5759649122807
img_342.jpg,147.488139019301,4.150123891497131,0.45355536130457086,0.21072400714388212,0.987261975036988,0.04440460718677488,91.43347628330085
img_343.jpg,154.81222939488782,4.195888758476786,0.45581383977230466,0.21049291189992095,0.9876347234037245,0.04430726596010789,90.39471085120208
img_344.jpg,175.74652777777774,4.609523343766301,0.44621535039817767,0.21004831907450652,0.9859210568650898,0.0441202963460257,91.43362248213126
img_345.jpg,174.72054642670838,4.912017475221701,0.43056956511731354,0.209733306532251,0.9860616591787483,0.04398805986895116,92.89553606237817
img_346.jpg,230.65013041210224,5.843088158581116,0.4081938130037282,0.20926689546332092,0.9814897102847733,0.04379263353685649,95.4600032488629
img_347.jpg,255.00255281690144,6.446462571726657,0.3993842266308404,0.2093947984169058,0.9758311463599418,0.04384618160405662,81.2740480831709
img_348.jpg,254.32290688575898,6.717533907146584,0.3919225569033355,0.20920758838145936,0.9775376884397243,0.04376781503638613,82.43522092267706
img_349.jpg,260.12495761606675,7.431523865414711,0.3726350025185551,0.20913241859726425,0.9760604437281873,0.04373636850834136,82.43375568551006
img_350.jpg,240.3527353938446,7.054326421491915,0.3877536932314871,0.20940868481790018,0.9776692459915736,0.04385199727716265,80.87898635477583
img_351.jpg,259.2607883411581,7.311531690140845,0.40075090007677544,0.20991677472091894,0.9776687180043734,0.04406505230923303,84.2990253411306
img_352.jpg,250.89414123630672,7.516669926969223,0.3687663157864544,0.20922058754468556,0.9773661658736432,0.043773254252543435,80.50211500974659
img_353.jpg,258.299823943662,7.740388628064684,0.35499643914973933,0.20940346769680254,0.9781824202221713,0.043849812283445824,88.81308966861599
img_354.jpg,249.34751238914976,7.6667938184663535,0.3489341597439297,0.20902158790157174,0.9792590066636432,0.04369002420889448,94.90620857699805
img_355.jpg,236.1649941314554,7.291637323943661,0.35165424536589496,0.20894795438472571,0.9795148858362296,0.04365924764156142,96.84038336582196
img_356.jpg,207.5793492436098,6.729655712050078,0.35973885019488994,0.20914937430429092,0.9811358949311132,0.04374346077187639,96.29449967511371
img_357.jpg,196.8175241262389,6.71856742305686,0.36620300514656623,0.20899473864948495,0.9817222115060229,0.04367880078316652,93.53657569850553
img_358.jpg,171.42035732916014,6.405073030777256,0.3759060314063872,0.2090340185758741,0.9841910416004629,0.043695220921978875,90.88465237166992
img_359.jpg,180.21308033385498,6.439188836724048,0.37728800656085154,0.2090098744346001,0.9838955240597196,0.0436851276111673,91.34293047433398
img_360.jpg,176.21971830985916,6.296628847157016,0.38240539164299325,0.20926152475699833,0.9835531367906456,0.04379038574362382,87.30605912930474
img_361.jpg,172.3157440010433,6.168463093375066,0.38623049409187343,0.209402774196045,0.9834285422186018,0.043849521840999814,86.87658544509422
img_362.jpg,191.9308131194575,6.321886411058946,0.38916674584619065,0.2093297663579036,0.9818930192895883,0.04381895108345451,89.4267771280052
img_363.jpg,201.33110980699007,6.450978090766824,0.3845275104530239,0.2091284035309422,0.9817682235627703,0.04373468916340059,91.22453541260559
img_364.jpg,210.92863197704747,6.54022561293688,0.380934090992675,0.20901249511977701,0.9802118826353016,0.043686223116194814,88.23437946718649
img_365.jpg,237.98270083463743,6.878423317683881,0.38313211328262353,0.20899670577101828,0.9777808936968236,0.04367962302313758,85.96857050032489
img_366.jpg,281.8453834115806,7.299328377673447,0.3813823863893746,0.20902042552967276,0.9736129695709251,0.04368953828860547,85.97892137751786
img_367.jpg,297.79015714658317,7.647825378195097,0.37400199545484275,0.20896031089784767,0.9734377961868637,0.04366441153052515,87.23553606237817
img_368.jpg,299.15407863849765,8.072095070422534,0.3628625042777875,0.2088291461400322,0.973731862290607,0.04360961227757492,86.38362897985705
img_369.jpg,318.31191640584245,8.612320683359416,0.349778314495647,0.208861453642883,0.9719355587982297,0.04362310681781817,86.72509421702404
img_370.jpg,253.51137519561814,7.658779994783515,0.3669803275245217,0.20921891786352695,0.97614149901667,0.043772555591985236,77.02189408706953
img_371.jpg,208.34156885759,6.7377673448095985,0.38654555052528294,0.20973629356997198,0.980862520088436,0.04398931284046947,72.4185477582846
img_372.jpg,182.0504825247783,6.241014606155451,0.4031455509065175,0.21079572649418557,0.983908082491113,0.04443483830821149,74.2353216374269
img_373.jpg,166.0961039384455,5.778902582159625,0.40608910036602763,0.21069510010305142,0.9853729577161974,0.04439242520743486,75.0575666016894
img_374.jpg,176.35639019300987,5.897756911841418,0.39268369455403856,0.20979984883453337,0.9835231088313152,0.04401597657099305,74.86636127355426
img_375.jpg,166.60459050599894,5.951264997391759,0.37959354850937277,0.20939844349531214,0.9839199781989757,0.04384770813825944,77.02061078622482
img_376.jpg,195.99843505477307,6.305835941575378,0.3705862872492628,0.20933714975968315,0.9817983529831537,0.04382204226950801,86.61574074074075
img_377.jpg,213.53029473135106,6.151186750130413,0.3726106911608682,0.20919088500378594,0.9811363093758073,0.0437608263686672,90.89476608187134
img_378.jpg,202.34571270213877,5.4722189619196655,0.40137768369921456,0.20933257817974296,0.9819334532815103,0.043820128287378204,85.24622157244964
img_379.jpg,185.79718309859155,5.453038601982264,0.4188715403922384,0.2093876802647964,0.983793937927105,0.0438432006466726,79.89183560753736
img_380.jpg,191.59545187793427,5.823542644757435,0.40784526911131236,0.20919005314592753,0.9836484569446972,0.04376047833519599,80.77441845354126
img_381.jpg,234.9756129368805,6.5968831507563905,0.38541707952699494,0.20902482844251802,0.9798689164532309,0.04369137890542409,86.80186484730345
img_382.jpg,188.0131455399061,5.935387323943662,0.3941112213726735,0.20961921244816498,0.9816015851872781,0.043940214227388925,79.23785250162443
img_383.jpg,154.88060772039645,5.332381324986959,0.41377433454406076,0.20948196488595514,0.9849899352026625,0.04388269361248054,76.18691358024691
img_384.jpg,156.55516431924883,5.182270474700052,0.43315814048398654,0.20935748208028515,0.9850336165425737,0.04383055530299691,77.92729694606888
img_385.jpg,164.2718668492436,5.1694411841418875,0.4445306564677547,0.2094183122856058,0.9834640661720147,0.043856029520551516,80.3443437296946
img_386.jpg,173.89301969222743,5.401920318205529,0.42800124936076417,0.20918818779262885,0.9823809412642732,0.04375969791196415,83.38722547108512
img_387.jpg,195.63443857589985,5.607351982263954,0.41701764960870197,0.20914912816895667,0.9801382220454585,0.04374335781383466,82.40868096166342
img_388.jpg,208.79097874282735,6.121736437141368,0.4053648371490563,0.20904359073783407,0.9789017732676932,0.043699222828567065,82.82475308641975
img_389.jpg,249.44813510693794,6.730196922274387,0.3901325811450392,0.20886869476797743,0.975036979118585,0.043626131654078526,83.77900909681611
img_390.jpg,287.7694803077726,7.082299817423057,0.37668144579541496,0.20884815163776282,0.9717326173788376,0.04361755044250998,86.29489278752436
img_391.jpg,227.5613556338028,6.337874934793948,0.38232242642219433,0.2089389673707407,0.9772868224473711,0.04365549208595144,87.02082521117609
img_392.jpg,172.44132107459575,5.155451225873762,0.40942292833111427,0.20929371178248793,0.9811852745636058,0.04380385779169113,81.96099740090968
img_393.jpg,161.45338093375068,4.838077073552426,0.4281978728165505,0.20955214626671265,0.9827565525604368,0.04391210200498573,85.75883365821963
img_394.jpg,161.1191444966093,4.745911580594679,0.4447223603067625,0.20981958361221764,0.9828652898627137,0.044024257667204386,83.66207277452891
img_395.jpg,155.23770539906104,4.648999087115284,0.4569666864239077,0.20980376360458514,0.9831978937508454,0.04401761922264864,78.09333658219623
img_396.jpg,173.39106351069375,5.20516105894627,0.4452924805153027,0.20938443351109481,0.9835640009014565,0.04384184099676208,79.7422677063028
img_397.jpg,201.91217070944182,5.993795644235785,0.4106409220106191,0.20920847397582262,0.981175188172208,0.04376818558329245,81.47748213125406
img_398.jpg,216.32239501825765,6.183206181533646,0.404470300517912,0.20945680890106094,0.9795160533279048,0.043872154795015564,76.35312215724497
img_399.jpg,216.1024126238915,5.809852634324466,0.40305014843675224,0.20966706995763637,0.979689847183255,0.04396028022462038,76.0540383365822
img_400.jpg,223.01934011476266,5.775423839332291,0.417713405557126,0.20959802157223167,0.9796512214935668,0.04393133064699369,76.58091942820013
img_401.jpg,216.46081116327596,5.47850808555034,0.4274428703023054,0.20992537662011124,0.9805490902084095,0.04406866374909555,74.17047433398311
img_402.jpg,207.44177099634848,5.402790818988002,0.44210086469861937,0.20991226797231802,0.9820967994704348,0.04406316024528224,74.31460363872644
img_403.jpg,239.32679968701098,5.807733437663015,0.44443810330249994,0.2101221879511299,0.9780436323017212,0.044151333869369966,73.9316049382716
img_404.jpg,257.3706931403234,5.860390584246217,0.4377757649861378,0.21003882812670457,0.9753772457253638,0.04411630932083934,76.43159194282
img_405.jpg,249.65636085028692,5.859014736567554,0.4310134073646896,0.20990871764967528,0.974781914895205,0.0440616697453311,77.6838499025341
img_406.jpg,264.12555425143455,5.847450443401147,0.43181865951908377,0.21004488911578167,0.9722990961348298,0.044118855443661016,77.98502274204029
img_407.jpg,254.17709311424102,5.882883411580594,0.4253756508612365,0.21005240531712008,0.973409683337116,0.04412201297950769,77.53051007147498
img_408.jpg,246.63517540427753,5.80422209181012,0.4259228521516375,0.20991211347520963,0.9746111161887894,0.044063095383629285,76.81135477582846
img_409.jpg,228.04221113719353,5.528967788210745,0.4302166992513055,0.2105907497181864,0.9754423531177562,0.044348463866867825,77.07601039636127
img_410.jpg,218.82978938445484,5.489837636932708,0.4268804898503702,0.21061354078401434,0.9755593305898963,0.044358063561579675,80.08078297595841
img_411.jpg,200.62797991653625,5.199178403755868,0.4169485033719186,0.21016228879362098,0.9762413718628496,0.04416818763097335,80.70069200779727
img_412.jpg,182.61716875326027,5.14255346896192,0.42413936387672707,0.21036402121570502,0.9775947620404037,0.04425302142204159,80.11481481481482
img_413.jpg,191.5863947574335,5.629476395409493,0.4113989380656676,0.20989090598425977,0.9766622776947994,0.044054192414893376,80.43833658219623
img_414.jpg,201.51465832029214,5.953455920709443,0.3903549310672339,0.20926271189849768,0.9753285436029189,0.04379088259111364,77.58828460038987
img_415.jpg,233.2483144235785,6.704815466875326,0.3736257310728168,0.20892718170711785,0.9737126621010457,0.04365056725607904,79.53868421052631
img_416.jpg,240.00863002086595,6.756523865414711,0.3762251784830283,0.20896966735383776,0.9729906336371318,0.04366832187397361,80.90346003898635
img_417.jpg,250.60019561815332,6.6449400104329674,0.38464126199913956,0.20915329698038174,0.9709220939691294,0.04374510163776376,81.86655295646524
img_418.jpg,266.6580170839854,7.018873891497132,0.3697904374870013,0.20901315884245877,0.9730360490082942,0.04368650056930291,94.33534113060429
img_419.jpg,258.93047730829426,6.832942097026604,0.3813529556137919,0.20906222159531998,0.9742577248463539,0.04370701249837068,95.50633203378817
img_420.jpg,275.3691966614502,6.876330203442879,0.38573723876232047,0.2091411515603344,0.9720107358468858,0.04374002127598276,93.63123781676413
img_421.jpg,251.83353221178928,6.542256781429316,0.38788148251978155,0.20926028508576955,0.9745997648140643,0.04378986691417754,95.47679662118259
img_422.jpg,241.50656624934794,6.141249347939489,0.3911620540109589,0.2091866759346963,0.9756628655349382,0.04375906538860765,97.53216374269006
img_423.jpg,236.68147496087636,5.529368805425143,0.4141626283206188,0.20947509778266954,0.9758870918272036,0.04387981659105896,101.89234243014944
img_424.jpg,217.94563119457484,5.297026604068858,0.4243331661079216,0.20954362497143011,0.9772195710053588,0.04390853076616735,97.97097790773229
img_425.jpg,179.3860230829421,5.045640975482525,0.4353079396236573,0.20936135084734706,0.9809805607106412,0.04383217522862595,90.23746913580247
img_426.jpg,188.80788341158058,5.275965049556598,0.4305197113273674,0.2093032623677484,0.9812428858260916,0.04380785563778253,94.29925276153347
img_427.jpg,199.72195161711008,5.428576551904016,0.42244414133240493,0.20929280349102486,0.9797259470159196,0.043803477593132745,98.49221572449643
img_428.jpg,193.16034820031297,5.385635106937924,0.41840493019714287,0.20929969384273792,0.9809952706709478,0.04380636184266382,105.22350877192983
img_429.jpg,168.41775886802293,5.0507400886802305,0.4314654523545542,0.20949209810905872,0.9818080145847927,0.04388693917013548,96.11167641325537
img_430.jpg,174.84891431924882,5.0359643974960875,0.43108388719703883,0.20962113760508114,0.9797765149432066,0.043941021330848366,93.0016016894087
img_431.jpg,176.83819444444444,5.162405451225873,0.42491696084303376,0.2096316274600282,0.9795545806706308,0.04394541923154005,90.68394736842106
img_432.jpg,158.28463745435576,5.017325247782995,0.4327116947888677,0.20992578559865832,0.9820524999083061,0.04406883545921386,87.18619558154646
img_433.jpg,152.2751988784559,5.058825639019302,0.41510463979285567,0.20946307078995577,0.9835645187354567,0.043874778024758025,88.36875893437296
img_434.jpg,155.57827660406886,5.125316249347939,0.40970702611108045,0.2092572106389533,0.9838480725536112,0.04378858020439527,89.77849577647824
img_435.jpg,159.47954486176317,5.045748565466876,0.4097709378822661,0.20932191215961757,0.984667061043163,0.04381566291015865,95.40087069525666
img_436.jpg,188.92482720396453,5.281817292644757,0.4021504569851153,0.20966042611179198,0.9823682929946634,0.04395749427737818,113.56717673814165
img_437.jpg,195.1931924882629,5.31655581637976,0.3991481665274181,0.20981837094744155,0.984737855368781,0.044023748787038186,127.7916179337232
img_438.jpg,126.04128847157017,4.6443857589984345,0.4225841118584941,0.20950897879122943,0.9879912626610967,0.04389401219414382,95.07654970760234
img_439.jpg,125.70257889932185,4.135201486697966,0.4543229843262908,0.2103153138529852,0.9875995453235289,0.04423253124107966,95.49344054580897
img_440.jpg,144.52872000521648,4.131191314553991,0.4480322561730831,0.20996534267185263,0.9865829279669099,0.044085445123308496,104.2545191682911
img_441.jpg,167.0279179707877,4.068332681272822,0.44451992597237727,0.20954190125223832,0.9848103205286983,0.0439078083804028,112.19153996101365
img_442.jpg,29.023190532081372,1.2788504173187274,0.7285298607840075,0.2247158895245292,0.9797101930523799,0.050497231004800414,46.72172839506173
img_443.jpg,32.70428077725613,1.2746055033907147,0.7438774267140554,0.225614708414576,0.9768364087713466,0.05090199665299416,45.8177420402859
img_444.jpg,39.42824074074074,1.3050013041210227,0.7535011226992032,0.22504718463916007,0.9721445989174937,0.05064623531401221,44.997374918778426
img_445.jpg,36.6225352112676,1.2281038080333855,0.7590935810395879,0.2257471461862485,0.9732564891125564,0.050961774011235444,44.037826510721246
img_446.jpg,31.302448487219614,1.1581605372978612,0.769989647086472,0.22727611865706313,0.9747455194075515,0.05165443411181944,42.65171539961014
img_447.jpg,35.81642540427752,1.22754303599374,0.7707917404520502,0.22642964487135223,0.9738070402319562,0.051270384076566686,43.04361923326836
img_448.jpg,35.1511508868023,1.210371022430882,0.7683655137731277,0.2239657174818603,0.974867644948815,0.05016064260716446,42.70633203378817
img_449.jpg,32.67533907146583,1.2147170057381325,0.7641395518272333,0.22333532863864655,0.9790559206652739,0.04987866901813226,43.82787849252762
img_450.jpg,31.863125978090764,1.1881194574856546,0.7713646273469162,0.22279307266866522,0.9816874981115077,0.04963675322914514,44.633927875243664
img_451.jpg,28.4253195096505,1.1237089201877937,0.7742057739968461,0.220915449060541,0.9812890721438938,0.04880363563362049,42.540181936322284
img_452.jpg,31.66937271778821,1.1915362545644235,0.7595029362917568,0.22201483052170207,0.9788407909691659,0.04929058497158009,42.37551656920078
img_453.jpg,46.00787037037037,1.5097483046426707,0.7136609307122181,0.21953696559704322,0.9774656824626494,0.04819647926355734,48.709197530864195
img_454.jpg,45.32584767866459,1.5541862284820027,0.7031125261620256,0.21841122966578502,0.9773507018961372,0.04770346524412029,47.01863547758285
img_455.jpg,44.29283711528429,1.5800502086593635,0.69495853546691,0.21765602075576762,0.9791954984052852,0.04737414337123515,47.385623781676415
img_456.jpg,43.8482035732916,1.6175567292644755,0.6723973550862533,0.21576972263350658,0.9808116902519058,0.04655657320534036,48.90598765432099
img_457.jpg,43.97107133541992,1.4923024256651019,0.7026765964061101,0.21935025313107426,0.9809389319705863,0.04811453354866635,47.83705977907732
img_458.jpg,43.85645213875847,1.424788080333855,0.7086813064818118,0.2176982788903934,0.9790616881852389,0.0473925406318395,48.05285250162443
img_459.jpg,45.45477634324465,1.3487317423056862,0.7256926410565021,0.21814054703534475,0.9781776103339797,0.047585298260879455,50.84059129304743
img_460.jpg,45.74676904016693,1.2937760824204485,0.7378698893028715,0.21877118097973738,0.9784290713555203,0.04786082962726901,52.80187459389214
img_461.jpg,45.592771909233164,1.2735817683881068,0.7376376369561932,0.2192581604344053,0.9790515376192864,0.04807414091707941,53.30934048083171
img_462.jpg,46.75102047470005,1.32238197704747,0.7213096612395242,0.2179946037720521,0.9809311250920727,0.047521647273733994,56.96680311890838
img_463.jpg,43.55997000521648,1.2878390714658317,0.7231060587275376,0.2167731204775397,0.9827891956534235,0.046990585761569933,56.422907732293694
img_464.jpg,38.40916797078769,1.2221961398017736,0.7274691460310789,0.21691126416336554,0.9844025039880433,0.04705049652094935,54.723801169590644
img_465.jpg,35.131318466353676,1.1389410537297864,0.746585062513852,0.21738214904267186,0.9843150303615186,0.04725499872241041,51.704584145549056
img_466.jpg,33.675642279603544,1.0965147365675534,0.7575675333016727,0.21804054727392447,0.9844317670633604,0.04754168025551249,51.175061728395065
img_467.jpg,31.8221570161711,1.0174687010954617,0.7800403230097276,0.2187519954107413,0.9853034023353552,0.047852435496180984,51.44543859649123
img_468.jpg,29.856266301512782,0.9355046948356806,0.8039306830312992,0.21905358954445123,0.985731406001417,0.047984475092308916,49.91501949317739
img_469.jpg,28.849318596765784,0.8958170318205528,0.8128948963053372,0.21893540198477388,0.9859069554560594,0.04793271024223453,49.25389863547758
img_470.jpg,27.699598982785606,0.8316021126760563,0.8319785242052882,0.2199844556198097,0.9852323766992052,0.048393160714344026,47.50678037686809
img_471.jpg,28.742048122065725,0.8208626760563381,0.8395392191883729,0.2218144266596761,0.9839160291214306,0.04920163987436083,46.96424626380767
img_472.jpg,29.06101004173188,0.8009683098591549,0.8487262417360825,0.22392963356427228,0.9831052277925554,0.050144480788229265,46.84058479532164
img_473.jpg,33.040590766823165,0.8487219613980177,0.8496039998316712,0.2250409657148609,0.980245871904825,0.0506434362498772,46.864346978557506
img_474.jpg,32.09451617110068,0.9523930620761606,0.8147746870463358,0.22407138609200275,0.9803694397268312,0.05020798606519137,46.586653671215075
img_475.jpg,33.890417970787695,0.9875554251434534,0.8103655970930157,0.22505297906489466,0.9791731360622903,0.05064884338598391,46.81562053281352
img_476.jpg,32.66814358372457,0.9730405581637975,0.8087979212404551,0.2231923513463159,0.9803885215451518,0.04981482569949733,47.48035412605588
img_477.jpg,28.21829355764215,0.8930522952529995,0.8202604129674572,0.22219482212892652,0.9832738800119846,0.0493705389809053,47.64824236517219
img_478.jpg,26.910954616588423,0.8641888367240481,0.8245796767351997,0.22144595052908014,0.9842442034698325,0.04903830900572781,47.62418128654971
img_479.jpg,29.048620892018775,0.9051545383411581,0.8184791133870417,0.2202185780009858,0.9839568739066327,0.048496222096776266,48.53260233918129
img_480.jpg,30.032867110067816,1.0257922535211266,0.7965543885895428,0.2194685177177364,0.985686571138329,0.04816643026922037,49.65699805068226
img_481.jpg,28.89121348461137,1.0335648148148149,0.7906865420965542,0.219695664993078,0.9861592639092052,0.04826618521675076,49.1
img_482.jpg,27.987744522691706,0.983571335419927,0.7997116565555797,0.21915656675937747,0.9860298377572833,0.04802960075375747,48.58142949967512
img_483.jpg,28.200241262389152,0.9259128847157015,0.811539003117321,0.21877810499585643,0.9854801357769238,0.047863859225577975,48.46740415854451
img_484.jpg,29.426698617631715,0.9744555294731351,0.8050141742375682,0.21828768470913265,0.9855486188472432,0.047649513295673705,49.033125406107864
img_485.jpg,29.71823161189358,0.990206051121544,0.8023471875115553,0.21821326066863078,0.9858767715815242,0.047617027131635806,49.10837881741391
img_486.jpg,28.334119066249343,0.9751271517996871,0.8018340518531273,0.21838519337511544,0.985347391981336,0.04769209268548656,48.202443144899284
img_487.jpg,26.359304903495048,0.883698487219614,0.8195086684633852,0.22001918103572393,0.98456869544205,0.04840844002363066,47.21795321637427
img_488.jpg,27.003638497652585,0.8924165362545645,0.8194942220081247,0.2204422666139629,0.9839069347038211,0.0485947929099015,47.35406432748538
img_489.jpg,27.622825378195092,0.9617599113197706,0.8040792327733051,0.21990116745264165,0.9839805277484405,0.04835652344703474,47.97042235217674
img_490.jpg,28.780297991653626,1.0894920448617633,0.7816218803992642,0.21893681146962915,0.9841844343491819,0.04793332741648794,48.43285899935023
img_491.jpg,30.71879564423579,1.2094972613458528,0.7629196365751778,0.2185336433492415,0.9836740402174928,0.04775695327549349,48.111897335932426
img_492.jpg,29.64771778821075,1.1991458007303075,0.7602757102693021,0.21874140255971466,0.9841810633397639,0.047847801193791145,47.80175438596491
img_493.jpg,28.14582681272822,1.1858046426708397,0.752630615189117,0.21883540425137227,0.9851520448900423,0.047888934153861515,47.66
img_494.jpg,27.08265193009911,1.2030875065206048,0.7447228422833635,0.21846009776574793,0.985040543489448,0.04772481431582014,46.96231968810916
img_495.jpg,25.488556338028168,1.1794470526864895,0.7358396352050893,0.21836946148304984,0.9856495581529623,0.04768522170839718,46.44630929174789
img_496.jpg,24.878253781950963,1.2199465310380802,0.7167914304301362,0.21676569221145606,0.986114985089835,0.0469873653199117,46.43018518518519
img_497.jpg,26.984213615023474,1.328084246218049,0.689229817199857,0.21516029241894333,0.9867769152264403,0.0462939514338052,47.80782001299545
img_498.jpg,27.831523865414706,1.4384031038080334,0.6642673015840669,0.21408174864685603,0.9880334671578163,0.04583099510369565,48.220009746588694
img_499.jpg,30.504101460615544,1.5351395409494004,0.6571036525699683,0.21373048893376337,0.9871085794982946,0.04568072189986555,47.93891812865497
img_500.jpg,32.03063380281691,1.5732916014606155,0.6489954351801543,0.21347523520706543,0.986578391639453,0.045571676046711904,47.811367771280054
img_501.jpg,32.88299100156494,1.6446498435054773,0.6278586109106015,0.21300413013660457,0.9859443927814472,0.04537075945525158,46.38764457439896
img_502.jpg,34.604199269692224,1.7257107459572247,0.6203344454169607,0.21279559031400883,0.9850706838355194,0.04528196325708749,45.50726770630279
img_503.jpg,36.0992501304121,1.7400234741784038,0.6169229003950203,0.21271521314938788,0.9868070108637037,0.04524776190518952,46.51348602988954
img_504.jpg,41.043326160667704,1.8781983568075116,0.6106298190191781,0.21326323173422496,0.9838474217235863,0.04548120600972573,45.51525990903184
img_505.jpg,43.14914580073031,1.8167253521126758,0.6198564482540603,0.2129053925233289,0.9835702867401867,0.04532870616551276,49.9348310591293
img_506.jpg,42.3397561293688,1.6821987480438185,0.6431093783006979,0.21345943415759314,0.9866487061376306,0.04556493003087984,56.724593892137754
img_507.jpg,32.429587245696396,1.4655875065206052,0.6802830338684455,0.21609992055303215,0.9861039464051446,0.04669917566302681,52.295100714749836
img_508.jpg,27.499341418883674,1.3837050078247264,0.6724660841100837,0.2153650451489579,0.9831241150413921,0.046382102672012676,45.89912930474334
img_509.jpg,30.995292123109028,1.4178599374021907,0.6712711742705961,0.214641188758736,0.9838999077637673,0.046070839911763334,48.02545159194282
img_510.jpg,32.24255672926447,1.3285309076682317,0.7098646510340311,0.21619776960022682,0.9856112172484398,0.04674147558011276,51.25381741390513
img_511.jpg,36.364553990610325,1.3858633281168493,0.7109176977254065,0.21672707686736922,0.9849121836012724,0.04697062584747457,52.703024691358024
img_512.jpg,31.41402256129369,1.2799850026082422,0.7165940750140468,0.21727187635968337,0.9850327307993906,0.04720706825685754,48.388976608187136
img_513.jpg,31.10908320292123,1.2259063641105894,0.7387687567426481,0.21898917237132134,0.983959097271662,0.04795625761587629,47.88946068875894
img_514.jpg,30.14733633281169,1.1450802034428798,0.7493883473386982,0.219501921426053,0.983359638772404,0.048181093509729135,47.51848602988954
img_515.jpg,28.20805620761606,1.058147496087637,0.7613425054756473,0.21960217055609066,0.9826085905978809,0.048225113312946336,46.728680961663414
img_516.jpg,28.779385106937927,1.0567260041731874,0.7670680160079462,0.21968767581874826,0.9825537480953974,0.048262674906643425,46.885604288499025
img_517.jpg,28.712881455399057,1.0311391497130933,0.7656391375769047,0.21967850813482606,0.9820796514995501,0.048258646936342846,46.85385315139701
img_518.jpg,29.681774908711525,1.0189032342201356,0.7757424883571054,0.22019747800633,0.9815656450915086,0.048486929320348184,47.34633853151397
img_519.jpg,28.44646583202921,0.9665297339593115,0.793293552706422,0.2226612260520735,0.982200272390363,0.04957802158701257,47.265188434048085
img_520.jpg,28.637848852373505,0.9811000260824205,0.7894979861551187,0.21988149500682266,0.9822156809244507,0.04834787184643538,47.339603638726445
img_521.jpg,29.084683098591555,1.001095461658842,0.792034151464958,0.21990332761690679,0.981920657443305,0.048357473496988636,47.50640350877193
img_522.jpg,29.222525430359937,0.9858731090245174,0.8036302465496147,0.2209151611821898,0.9816956659589737,0.04880350844015289,47.48063352826511
img_523.jpg,27.44980112154408,0.9593342462180491,0.8054972002171285,0.2221807412369624,0.9817113662243603,0.049364281776606046,46.5533853151397
img_524.jpg,29.00212245696401,1.0231579290558162,0.7861405972247064,0.2207421231117073,0.9809954381097976,0.04872708491586414,47.107949967511374
