,contrast,dissimilarity,homogeneity,energy,correlation,ASM
img_1.jpg,27.72785602503912,0.8601069379238393,0.828612830686691,0.22039587524386242,0.9828760959697481,0.04857434182450817
img_2.jpg,26.54638432446531,0.8350189097548254,0.8352822240884469,0.22096937861472177,0.9832117337389982,0.04882746628537626
img_3.jpg,28.778997130933753,0.8340245174752217,0.8369248498019726,0.22095719490795454,0.9817254730101947,0.04882208198159181
img_4.jpg,33.81634389671361,0.8701519300991131,0.8382041841390123,0.22148504700460087,0.9783156799146802,0.04905562604663025
img_5.jpg,30.987170709441834,0.847460224308816,0.8426213029568939,0.22301514038117554,0.9795514911039445,0.049735752839235425
img_6.jpg,30.354267736045905,0.8599797861241524,0.8412781849859353,0.22438565996846874,0.9792768919357818,0.05034892439948527
img_7.jpg,34.40812141366719,0.9638334637454354,0.8350535023926805,0.22610554562668728,0.9757339341513591,0.051123717763141965
img_8.jpg,30.96375195618153,0.8877869066249346,0.8408051369657062,0.2294413804422779,0.9773108526561518,0.052643347059258105
img_9.jpg,30.16971830985915,0.8850417318727178,0.840442015572499,0.23375487519099594,0.9779742085825195,0.05464134167555809
img_10.jpg,30.42008020344288,0.8976428012519562,0.8332298996359441,0.2441979163369768,0.9783168150898913,0.059632622343321125
img_11.jpg,34.93505151278039,0.9946172404799165,0.8073216693577706,0.23232006538929895,0.9772374512585904,0.05397261278248814
img_12.jpg,33.60625326030256,0.9834963484611372,0.8052643038056909,0.23015470860026205,0.9789328258776496,0.05297118989087153
img_13.jpg,32.105783776734484,0.9776669274908711,0.8018409255050996,0.22575108246314604,0.9799838440694779,0.05096355123328216
img_14.jpg,32.99971309337506,0.9832224830464267,0.8049673643163426,0.22193587611075305,0.9790300916937827,0.04925553310504753
img_15.jpg,32.85150952008346,1.0369229264475743,0.778385152487238,0.21992353915045762,0.979840751773617,0.04836636307246287
img_16.jpg,33.9402842983829,1.0261932707355241,0.7828140300768206,0.22014985206588397,0.9794912839229305,0.0484659573646306
img_17.jpg,35.14252412623892,1.0248598069900885,0.7933511678095689,0.22140610958275928,0.9813213151357105,0.049020665360572806
img_18.jpg,36.07440988523735,1.0234774387063117,0.7969127629840641,0.21992766525486576,0.9833408772618206,0.04836817794445629
img_19.jpg,31.48475482524778,0.9453442879499216,0.8204128269972606,0.22591652657774064,0.9828165503249124,0.05103827698095099
img_20.jpg,27.899501173708924,0.8613034689619198,0.8374955826988487,0.23351289853754428,0.9815832991051543,0.05452827378340545
img_21.jpg,25.604632889932184,0.8297111371935314,0.8357360482907934,0.23018122314629028,0.9835992682019028,0.05298339548912228
img_22.jpg,24.422183098591542,0.8513693270735525,0.8278260720705852,0.23211265538086354,0.9825215806338897,0.053876284787955524
img_23.jpg,25.449142540427747,0.8811261085028689,0.8271409522487945,0.2347029706399489,0.9795978002435297,0.05508548442721672
img_24.jpg,28.99488132498695,0.9377021387584769,0.8233399549807079,0.23064215708719343,0.9785636071663915,0.05319580462583361
img_25.jpg,33.34558881064163,1.0333561554512256,0.8061755296956199,0.23135927549242374,0.9806127731489607,0.053527114356379225
img_26.jpg,30.486091549295775,1.061697965571205,0.7836030853301563,0.22244376061231463,0.9805129301202034,0.04948122663534874
img_27.jpg,33.209063641105885,1.171681011997913,0.7528052723961175,0.21936012248140238,0.981506474046741,0.048118863335055856
img_28.jpg,32.93630672926447,1.1856285863328118,0.7520631380289544,0.21913936405610387,0.9820102501518065,0.04802206087891363
img_29.jpg,31.5246804903495,1.1973982785602502,0.7456576713813178,0.21822042840297964,0.9831436410947286,0.047620155372379964
img_30.jpg,28.075821596244126,1.152829942618675,0.7482201806627073,0.2186499705373507,0.983517984538934,0.047807809615984326
img_31.jpg,24.923291601460615,1.0981416275430362,0.7398948479387837,0.22063285805904917,0.9812638418250808,0.048678858055304544
img_32.jpg,22.61523865414711,1.0328116849243612,0.7401305808104786,0.21964616072305354,0.9795070894849593,0.04824443592037747
img_33.jpg,26.779332942097025,1.0525462962962961,0.7497762647322684,0.2221289279941997,0.976838048656523,0.049341260651852355
img_34.jpg,32.78488197704746,1.1131618414188835,0.7476798014075801,0.22110639576163202,0.9751903762834636,0.04888803824669944
img_35.jpg,34.86514410537298,1.1696172404799163,0.7364549949034968,0.22121677459567404,0.9746272628339385,0.048936861362513254
img_36.jpg,39.60588484611372,1.2489599634846114,0.7321678625159925,0.21978474550886898,0.9741681102466525,0.0483053343583983
img_37.jpg,40.61203377673448,1.2349145800730308,0.7415068667124887,0.2211383143769309,0.9761043966804799,0.04890215408547033
img_38.jpg,43.54489762649974,1.257391105894627,0.74420356212967,0.21947188632102566,0.9754763589818786,0.0481679088853092
img_39.jpg,40.465949400104336,1.2528234220135626,0.7282299591615105,0.21913512784115288,0.9776397628338213,0.04802020425395842
img_40.jpg,36.66913471570162,1.1717103547209184,0.7443393691852599,0.21891901340508918,0.9780567870613465,0.04792553443025762
img_41.jpg,36.306093505477314,1.1802523474178401,0.7427127562641267,0.2195411225459928,0.9754990181682046,0.04819830448875464
img_42.jpg,36.390665753781946,1.17686163275952,0.7522649819646441,0.22001044010511586,0.9750361090931753,0.04840459375524677
img_43.jpg,38.207404147104846,1.2225319509650494,0.7474787147249264,0.21932278309536427,0.9758931436309183,0.0481024831846962
img_44.jpg,38.835361241523216,1.2071465832029213,0.7548633525717956,0.2188038877746198,0.9757814683045951,0.04787514130528841
img_45.jpg,42.79527582159624,1.2724080594679186,0.7577053590986781,0.21836159713215839,0.974372335227055,0.04768178710210704
img_46.jpg,45.13234872196141,1.285935054773083,0.7551611504774157,0.21711724925216702,0.9782872659300724,0.04713989992282762
img_47.jpg,42.272955790297345,1.198483959311424,0.7714100217762195,0.21759096702721792,0.9790067702929042,0.04734582893183984
img_48.jpg,40.441578638497646,1.187764084507042,0.7664957969161535,0.2191161727921316,0.9764740029369487,0.048011897179071276
img_49.jpg,41.97876564945227,1.1755640323422012,0.7618267627502271,0.21956529317799445,0.9755040599309694,0.048208917968338656
img_50.jpg,45.26480177360459,1.1938771517996867,0.7586953663835467,0.218817199458499,0.9761703686386145,0.047880966778860536
img_51.jpg,47.724090375586854,1.1900462962962963,0.7616055185058901,0.21801481966103387,0.9774652787974731,0.04753046159183311
img_52.jpg,48.11189358372457,1.1810837245696402,0.7670702444847892,0.21819731859584265,0.9782991979298982,0.04761006984241566
img_53.jpg,43.61967592592593,1.1052914710485133,0.7777050401185293,0.2184165249883037,0.9794546681807045,0.047705778387966295
img_54.jpg,41.515245174752216,1.0482329160146064,0.7931793689735404,0.21817202569444238,0.9799732421050602,0.047599032795616426
img_55.jpg,37.097310250391246,1.0149550078247263,0.7969677588603129,0.21980092165390994,0.980536448865826,0.048312445159908256
img_56.jpg,32.4456279342723,1.054391627543036,0.7732904357390781,0.2195574363671871,0.9819829559139389,0.04820546786413142
img_57.jpg,29.2975352112676,1.0161124152321337,0.7790070158662517,0.22132509072011508,0.9828344607448577,0.04898479578226717
img_58.jpg,28.486626238914965,0.9797535211267605,0.7938034715646525,0.22254325708037798,0.9823991357132593,0.0495255012719432
img_59.jpg,28.56283255086072,0.9853286384976526,0.7883895223360393,0.2207439670094387,0.9816769258329532,0.048727898971064165
img_60.jpg,30.480741392801253,0.9858991914449661,0.8018236092959323,0.22353223953057924,0.9804604775733509,0.04996666210955625
img_61.jpg,36.844858502869066,1.0745207355242568,0.7948697117735419,0.22431819865150823,0.9770528196786837,0.050318654246257505
img_62.jpg,39.35050860719875,1.0552425665101723,0.811827135059062,0.22516066820002895,0.9783044759452525,0.05069732650428353
img_63.jpg,39.058721309337514,1.02195813771518,0.8174602015231198,0.2254078313488796,0.9782121295823875,0.05080869043340494
img_64.jpg,39.18749673969745,0.9822802556077206,0.8249536843849395,0.22517841981603046,0.9783325208777897,0.050705320750844454
img_65.jpg,39.732068335941584,0.9792905581637974,0.8193077477944758,0.2211160999573103,0.9795844038335545,0.04889232966033124
img_66.jpg,35.54589201877934,0.9007237871674492,0.8356112379068332,0.22520625660275154,0.9800449681071685,0.050717858013024364
img_67.jpg,35.679505738132505,0.9124087115284298,0.8309005684061754,0.2214345821225252,0.9797731883560769,0.04903327415977735
img_68.jpg,35.626401930099114,0.8929773082942097,0.8400860490488414,0.22226174203200538,0.9797715893775385,0.04940028197110171
img_69.jpg,38.89254694835681,0.8963875847678665,0.8494462821105553,0.22250950939380973,0.9806387974655956,0.0495104817706739
img_70.jpg,48.794796557120506,0.9629955659885239,0.8546048934452275,0.224887338384587,0.9809663307937944,0.050574314965703734
img_71.jpg,59.49190792905582,1.098982785602504,0.8329821306484341,0.23076954645179018,0.9814628214470131,0.05325458356956495
img_72.jpg,67.18390714658321,1.3100612936880542,0.7689205794177956,0.21925932132654677,0.983292925022022,0.04807464998857788
img_73.jpg,58.7150234741784,1.479955659885237,0.6974890542652941,0.21542272924325537,0.9843511175019183,0.04640695227461292
img_74.jpg,50.997424360980695,1.4777190923317685,0.6894828029662198,0.21476681578767956,0.9838728268670794,0.04612478516357909
img_75.jpg,49.86496804903495,1.5468016431924883,0.6729740509073151,0.2137469707377772,0.9826669254715296,0.04568776749957619
img_76.jpg,191.64676251956183,3.34974243609807,0.493483094385781,0.21109871900967217,0.9863732638935628,0.04456266916752452
img_77.jpg,154.84860133020342,3.6207909494001043,0.46882507903194903,0.21112646607825772,0.9888826206128996,0.04457438467869371
img_78.jpg,138.2063152060511,3.6284722222222223,0.47055572541217144,0.21134202121025522,0.9905170177171001,0.04466544992923597
img_79.jpg,166.4782309598331,3.8265029994783517,0.45470852277055834,0.21045646020104564,0.9891013698543908,0.04429192164035431
img_80.jpg,133.1078768909755,4.009800469483568,0.4416848231206561,0.209948984826351,0.9906085200171442,0.04407857622961536
img_81.jpg,154.73535798122066,4.242726264997391,0.4320377984206632,0.2095381819678026,0.9886506641232989,0.04390624970237196
img_82.jpg,169.12703442879499,4.304199269692227,0.4257849703408595,0.20940095251465488,0.9873266081412446,0.043848758914044744
img_83.jpg,116.62126695357328,3.9953214658320295,0.44282193335839615,0.2100864402329216,0.9918930057383815,0.04413631236974095
img_84.jpg,136.0212050078247,4.137956442357852,0.434256894639348,0.20978597712815755,0.9902149192716521,0.04401015619961584
img_85.jpg,186.25688575899844,4.433411580594679,0.43175581620421866,0.21001872494336213,0.9861449982206556,0.044107864826835604
img_86.jpg,183.01181533646326,4.299263171622327,0.4410769491794647,0.20989304388121408,0.9861899846143553,0.04405508986972125
img_87.jpg,169.46356285863328,4.308378977569118,0.4413600634672663,0.20973394253188543,0.987450776621556,0.04398832664996822
img_88.jpg,152.7780972874283,4.133946270213876,0.4424809331418846,0.21016898252383662,0.9884605216660672,0.04417100121510474
img_89.jpg,123.09769496609286,3.8764247522170057,0.4447747359388894,0.21031675386581464,0.9912467664138924,0.04423313695665366
img_90.jpg,109.38912689097548,3.6944868283776735,0.45450028843519136,0.21095342380126095,0.9924667743528327,0.04450134701347441
img_91.jpg,108.35997326551903,3.3867273082942098,0.4711804349475487,0.21159834910913183,0.9918726286338595,0.04477386134571003
img_92.jpg,75.2423480699009,3.1426741001564946,0.4856085369335627,0.21074312073243054,0.9942962986773292,0.0444126629360438
img_93.jpg,72.8486502347418,3.0812989045383414,0.4903205437021167,0.21157923561255637,0.9945571933520324,0.044765772942393645
img_94.jpg,50.721772300469475,2.669014084507042,0.5251991015462905,0.2119173764974019,0.9957590559231939,0.04490897446154158
img_95.jpg,66.15199856546688,2.662796687532603,0.547024287419086,0.21258124522646477,0.9941651833158988,0.04519078582203435
img_96.jpg,154.47545318205528,4.057684533124674,0.47176562931684024,0.2112749518029426,0.9861253328493605,0.044637105259335716
img_97.jpg,263.04244587897756,5.0046785341679705,0.44682231494087454,0.20985071210173353,0.9774215454860997,0.04403732136960465
img_98.jpg,166.05093570683363,4.28654473135107,0.46757961898510125,0.21174801713837707,0.9843097192682108,0.04483722276203443
img_99.jpg,206.0147561293688,5.193199008868023,0.4118951361969937,0.20949394309904212,0.9847711987749793,0.0438877121951847
img_100.jpg,155.11820552947313,4.542840375586855,0.42681013108734756,0.2103982909154713,0.9875012436102623,0.04426744082015129
img_101.jpg,146.02265258215962,4.371980959833072,0.4402003468404314,0.2115103126244406,0.9880059140562526,0.04473661234648859
img_102.jpg,151.40576095461662,4.556941184141888,0.42979639200492264,0.2104487822044807,0.9885128586788122,0.04428868993134896
img_103.jpg,152.87379042775171,4.41672209181012,0.44048113590736176,0.21088127807179824,0.9873646693508256,0.04447091344119509
img_104.jpg,158.46502999478355,4.429088419405321,0.440436413246669,0.21056248801782027,0.9860156318075135,0.0443365613602547
img_105.jpg,148.03417775169535,4.562542383933229,0.43494977739950064,0.20987965785166926,0.9875008420087301,0.04404947077993375
img_106.jpg,174.7483535472092,4.797544992175274,0.4304625196984905,0.20938715459220703,0.9866639095109487,0.0438429805082208
img_107.jpg,166.7133541992697,5.031031559728743,0.4149833856121277,0.20938727587014316,0.9863203279669348,0.04384303129631944
img_108.jpg,163.20634128847158,5.231504303599373,0.40438939031279064,0.20946862357937437,0.9866731178609188,0.04387710426423764
img_109.jpg,161.47122456964007,5.133939749608764,0.40474163890746945,0.20927428646725668,0.9873108556005722,0.043795726976379415
img_110.jpg,171.29001369327074,4.894304251434534,0.417906623986151,0.20934626276432558,0.9853612013793337,0.04382585773339005
img_111.jpg,187.36506911841417,5.005985915492958,0.4151760339850862,0.20943942029615153,0.983862981653831,0.04386487077398801
img_112.jpg,198.9287558685446,5.139632237871675,0.4099123486532301,0.20940152525944886,0.9838136868975836,0.0438489987809836
img_113.jpg,213.87818857589986,5.1488262910798115,0.41544853868791853,0.2092598093812565,0.9826194245222882,0.043789667822279804
img_114.jpg,227.46013954094943,5.113667188315075,0.4229098204950814,0.2093152395334758,0.9817816638841631,0.04381286950095635
img_115.jpg,227.10290818988003,4.864723526343244,0.4328446993657707,0.20944305789876064,0.9824574472881722,0.043866394501983604
img_116.jpg,209.6280907668232,4.51891627543036,0.4418793909525596,0.209376779611373,0.9853813002783427,0.043838635840429456
img_117.jpg,198.46094483568072,4.370927882107459,0.44832229152245795,0.2092650434428834,0.9866837338323701,0.043791858407151885
img_118.jpg,166.03725873761084,4.056155451225874,0.4559578899651977,0.20991047187944198,0.9890561148490551,0.044062406204650004
img_119.jpg,153.70554577464785,3.894584637454356,0.46064504546277363,0.21016057717904657,0.9895947407075599,0.04416746820022999
img_120.jpg,154.02965897235262,3.788937793427231,0.46400197973014784,0.21001555065519878,0.9895176829177922,0.044106531517006366
img_121.jpg,132.59533450704225,3.5789612676056337,0.4698619970067986,0.21029972159036311,0.9904879023811834,0.04422597290098424
img_122.jpg,132.6643616327595,3.694421622326552,0.4558123297150951,0.21045539237448835,0.9906293655851935,0.04429147217949985
img_123.jpg,141.59127217005738,3.7624902190923315,0.45085082894059453,0.21008523214429786,0.9902207132044324,0.04413580476512352
img_124.jpg,103.83064358372458,3.318534820031299,0.4761456043353876,0.21161946836724652,0.9920381813158469,0.044782799392036055
img_125.jpg,93.53085550339073,3.3527321335419926,0.47733072899071277,0.21059179772846362,0.992902299299697,0.04434890527050613
img_126.jpg,131.87348069900887,3.495070422535211,0.5122914476810437,0.2111135448944113,0.9885395224327312,0.044568928837884624
img_127.jpg,126.50600547730829,3.278097287428273,0.5392695120692585,0.2118926311955802,0.9882360638527135,0.044898487154986164
img_128.jpg,118.85419600938968,3.0047633020344287,0.5485973949443851,0.21206329830187734,0.9881196473118443,0.04497084248667101
img_129.jpg,128.9152549556599,3.025335811163276,0.5427490030255381,0.211274676095405,0.9873592935242308,0.0446369887592183
img_130.jpg,148.55267996870109,3.181800991131977,0.5361450664999018,0.21082772204820266,0.9851670450406211,0.0444483283840342
img_131.jpg,152.56040362545644,3.4435022170057383,0.5155538622076958,0.21041944853165517,0.9861383633642233,0.044276344320365875
img_132.jpg,136.27906885758998,3.387982524778299,0.5255296728335098,0.21125101155149792,0.9861802737814034,0.04462698988153111
img_133.jpg,140.6272919926969,3.7438282472613458,0.48504307139357483,0.20997592406903404,0.9875864973222436,0.04408988868864475
img_134.jpg,133.48816836202397,3.737783646322379,0.4707630330550196,0.21013163345155905,0.989493271685817,0.04415530337702037
img_135.jpg,127.45295709441835,3.9416568857589978,0.46313660884874436,0.21015422312867188,0.9907154317660457,0.044164797498815606
img_136.jpg,145.39436945748565,4.200779212310902,0.45812774998647854,0.20967764004585937,0.9892689876643963,0.04396471273520097
img_137.jpg,136.47072574334896,4.058584376630151,0.4707144772984642,0.20983803493893613,0.9892718620814598,0.044032000907034186
img_138.jpg,125.23071857068335,4.082733437663015,0.4707908709396451,0.20989347343305723,0.9898355116150385,0.044055270189793494
img_139.jpg,113.62009976525822,3.920882237871674,0.47962818460624,0.20983019206574693,0.9903503711630242,0.044028709502348246
img_140.jpg,111.78003390714657,3.557192227438706,0.49646496212490054,0.21033665052645428,0.9899726258351639,0.04424150655468776
img_141.jpg,104.60185185185186,3.0010237350026086,0.5255898330843576,0.21151057249586847,0.9900747849509568,0.044736722277530026
img_142.jpg,118.71288797600417,3.4215603808033386,0.49047345659322594,0.21007705974346258,0.9901846276789072,0.04413237103045834
img_143.jpg,134.28246609285344,3.3175208659363586,0.5094335985336039,0.21042148866552723,0.988062303494497,0.0442772028922166
img_144.jpg,127.14138628064684,3.370970266040689,0.4949942629531361,0.2108274280085434,0.9888198902512226,0.04444820440069755
img_145.jpg,126.9250456442358,3.699347939488784,0.4614582697121953,0.21015116307499024,0.9897269242682815,0.04416351134177114
img_146.jpg,114.35968961919667,3.8571205007824725,0.4430104362902441,0.2106976226900267,0.9904724155852248,0.04439348820722886
img_147.jpg,101.69615936358895,3.564606155451226,0.46009837453043173,0.21121035128978774,0.9902520241917931,0.044609812491955544
img_148.jpg,68.60088680229524,3.34703312467397,0.4637356832491503,0.21110728488340028,0.9940409554528074,0.04456628573084112
img_149.jpg,89.23658385498173,3.707391105894627,0.44085818424440587,0.210078617461445,0.9926351295424118,0.044133025514512134
img_150.jpg,108.67041601460615,4.185641627543036,0.41734493524280253,0.2096800302935689,0.9918380857849425,0.04396571510391198
img_151.jpg,103.55784428794993,4.1436163275952005,0.42753753667357774,0.21059515275976434,0.9918781033333652,0.04435031836590848
img_152.jpg,82.40822574334896,3.6957779081898803,0.4530801722399353,0.2113746778804878,0.9925735668414497,0.04467925444907998
img_153.jpg,68.34349569640062,3.4484187532603023,0.4652431049025867,0.2117753105706567,0.9936932609903066,0.04484878216729811
img_154.jpg,77.1609252738654,3.303433098591549,0.4662232905855658,0.2111092998912778,0.9927359911027375,0.04456713650058546
img_155.jpg,116.51345852895149,3.871407146583203,0.4421225875429623,0.21141348218730172,0.9910117574049525,0.044695660450560545
img_156.jpg,136.31539840897236,4.177637584767866,0.42977238786909916,0.21008006764774648,0.9905159112325461,0.04413363482288173
img_157.jpg,125.4035993740219,4.297541731872718,0.4189704295906184,0.2097388854133401,0.9911092094718307,0.04399040005443021
img_158.jpg,84.08080659885238,3.6600058685446006,0.4521330603789995,0.21060613434677952,0.9926232824660148,0.044354943824493745
img_159.jpg,93.80944509650496,3.689746348461137,0.45843137930261685,0.2106236811867348,0.9922570154569963,0.0443623350766513
img_160.jpg,70.3447965571205,3.5650560772039643,0.4625669219320093,0.21086727763526028,0.9941232834191983,0.04446500877730594
img_161.jpg,78.66767410015649,3.8719124934793947,0.44732265503474067,0.21090440384766737,0.9935641234012527,0.044480667562339975
img_162.jpg,94.26510824204485,4.126310641627543,0.43042682324227066,0.2102644876996598,0.992492292822391,0.04421115478760039
img_163.jpg,87.36715571205008,4.167514345331247,0.41436311838889495,0.2097027602130768,0.9928658448281202,0.04397524764098318
img_164.jpg,87.88345396452789,4.1276636671883145,0.4173452067333485,0.2102439290765816,0.9930793579048682,0.04420250971355868
img_165.jpg,62.15643909754825,3.295158450704225,0.4557865735336624,0.21184376504814467,0.9950317142792513,0.044877780789773516
img_166.jpg,54.43066314553991,2.976137845592071,0.47529873428580016,0.21196222241339846,0.9953797391756591,0.044927983730426994
img_167.jpg,56.08587636932706,2.931331507563902,0.48627517508760676,0.21139769049876253,0.994992921476479,0.04468898354821059
img_168.jpg,65.04199269692228,3.0858111632759524,0.4784675258870158,0.21096833854718744,0.994253289551512,0.04450763986936069
img_169.jpg,90.54438249869591,3.461453442879499,0.4617129073886813,0.21106589041508608,0.9919737741535725,0.04454881009671313
img_170.jpg,94.49827856025038,3.7454290558163796,0.4490269466716334,0.21013570340460988,0.9923226619490334,0.04415701384535017
img_171.jpg,86.90029342723004,3.56849243609807,0.4562529931073903,0.21038428188204544,0.9922723529133702,0.04426154606302395
img_172.jpg,89.08656429316639,3.554137323943662,0.4599105134851447,0.21079292793676388,0.9914529695476806,0.04443365846815373
img_173.jpg,86.61846961398018,3.4301349765258213,0.47070908389035054,0.211207416453317,0.991006275805122,0.04460857276488488
img_174.jpg,93.77078116849242,3.6898604590505997,0.4616227258633082,0.21073015480736132,0.9901854926463479,0.04440719814513446
img_175.jpg,114.25705855503392,4.147153755868544,0.43467980354429403,0.21073311389443974,0.9884076680604025,0.04440844529164691
img_176.jpg,143.8488947574335,4.863416145018258,0.4021202509238062,0.2100739869785632,0.9867543694949317,0.04413108000506954
img_177.jpg,160.47289710485134,5.109216875326031,0.394299790659814,0.20937298103777333,0.9871348144821441,0.04383704518864379
img_178.jpg,141.89477699530516,5.285765519040167,0.38824807814282336,0.20948517897282304,0.9891289014458512,0.0438840402092757
img_179.jpg,147.3028071205008,5.529169926969223,0.3813728667604836,0.20917952386979666,0.9887488608865931,0.043756073206394824
img_180.jpg,145.9117859937402,5.501209572248305,0.38818244141954905,0.20916367745631426,0.9882397711680109,0.043749443967049065
img_181.jpg,138.95082159624414,5.383131194574856,0.38879018640274077,0.20926496953645918,0.9894040610631876,0.043791827475095184
img_182.jpg,110.13733046426708,4.97962962962963,0.40536633317177295,0.20979332613278875,0.9907826697569273,0.044013239689858666
img_183.jpg,100.30635106937922,4.658150756390194,0.42283075688699734,0.2097794573393331,0.9918040583129152,0.044007420721585075
img_184.jpg,90.11323030777255,4.296961398017737,0.44172737227636233,0.21010557028610968,0.9925895838923211,0.044144350665251374
img_185.jpg,75.0484350547731,3.6577008346374544,0.4634304127107137,0.2107721089382963,0.993537209647495,0.04442488190629704
img_186.jpg,81.94614958268127,3.9480079551382365,0.44585783526214556,0.2108797303153457,0.9924514811543693,0.044470260657872934
img_187.jpg,116.8218538080334,4.813005346896192,0.417142537695878,0.21066496066725973,0.9893828518151965,0.044379725652938094
img_188.jpg,119.86366066771,4.9378847157016175,0.4019223295666673,0.21013951085227414,0.9894524210390182,0.04415861402123304
img_189.jpg,138.63381911841418,5.436329551382368,0.3845799645504746,0.20969597201661583,0.9883111173513633,0.04397240067999333
img_190.jpg,175.3321563641106,5.612555425143453,0.38389091587720514,0.21047207610353758,0.9847254005619329,0.04429849481933332
img_191.jpg,162.26190336463225,5.412209833072509,0.390378196808888,0.21004991445332033,0.9853181028688041,0.044120966561847184
img_192.jpg,153.6853710224309,5.232501956181534,0.4050821243949101,0.20997215106596978,0.9853628193056452,0.04408830422327043
img_193.jpg,148.33354851330205,5.27693661971831,0.4069211379494298,0.20947334655437216,0.9867173485107387,0.0438790829166881
img_194.jpg,160.36276082420449,5.641536254564423,0.39896664149822614,0.2095070304320067,0.986028723658814,0.04389319580043778
img_195.jpg,139.53760432968178,5.3598721961398015,0.4176425350271717,0.20984490500697278,0.9881244614638528,0.044034884157385434
img_196.jpg,112.35986241523212,4.652787558685446,0.4324748011829828,0.21073501676966608,0.9899470263300838,0.044409247292911444
img_197.jpg,87.95695422535209,4.127898408972352,0.44568778661545,0.21117957366455029,0.9915655295952377,0.04459681233314122
img_198.jpg,87.96414319248825,4.109194053208138,0.44465859600156554,0.2112500805291247,0.991611330922274,0.04462659652356167
img_199.jpg,135.8927556077204,4.946478873239437,0.40725295738343104,0.20982550346574516,0.9889111824541381,0.04402674190465344
img_200.jpg,108.60879955659884,4.711388236828378,0.40795988838504293,0.20988023167047548,0.9911529455526312,0.04404971164605246
img_201.jpg,60.84208398539385,3.948943661971831,0.4332998960653856,0.21042256742390797,0.9946276488321142,0.0442776568812691
img_202.jpg,63.87072248304643,4.097893844548774,0.4304565938133143,0.21016271825035457,0.994497699279996,0.044168368142377915
img_203.jpg,71.79185250391235,4.2080170839853945,0.42981039862278236,0.21086242875414982,0.9937410716334516,0.04446296386009891
img_204.jpg,87.21283255086071,4.657518257694314,0.41698180008405017,0.20985030150793468,0.9927855215586636,0.0440371490429711
img_205.jpg,94.44907733437663,4.799716353677621,0.4114708682259578,0.20972775983833641,0.9922419074545091,0.043985733246806914
img_206.jpg,106.5108894105373,4.937356546687532,0.4142062699219267,0.20967924564643425,0.9915062251677655,0.04396538605485772
img_207.jpg,111.95806598852373,4.906318466353678,0.42587335796741743,0.2098473977470184,0.9907135357647413,0.044035930341195344
img_208.jpg,133.60181272822115,5.099550078247262,0.42432508038959343,0.20950631520377486,0.9882833942966224,0.043892896110263466
img_209.jpg,127.3450182576943,5.081559728742828,0.4204323329453872,0.20949814279825502,0.988980981487477,0.04388947183591805
img_210.jpg,133.1705627282212,5.023725221700572,0.4181266547364695,0.20974378449314965,0.9880409244981305,0.0439924551335088
img_211.jpg,167.71839136671886,5.660168883672406,0.3867926986985245,0.209443424528083,0.9860184980927378,0.0438665480780508
img_212.jpg,176.81116979655712,6.006924882629107,0.3802686318799323,0.20946861419147197,0.9856806118439523,0.04387710033129573
img_213.jpg,102.2715473395931,5.036081768388105,0.4004633884954126,0.21028973803330758,0.9901619757646247,0.044221773922117125
img_214.jpg,116.05615871152844,5.421905972874283,0.39493297416000794,0.21009189503818837,0.9893974928856684,0.04413860436073716
img_215.jpg,120.56227177882108,5.797737350026082,0.3772541446219979,0.20937662091155398,0.9894828539186216,0.04383856938434059
img_216.jpg,134.57843961919664,5.992185054773082,0.38013774084758895,0.21028926314114324,0.9874976998183248,0.04422157419244499
img_217.jpg,125.06831637976005,5.648428534167971,0.3913416771973434,0.21014003985289623,0.9881162424790514,0.04415883634937682
img_218.jpg,159.78692618675012,6.464899582681274,0.3731985659021302,0.20998691596916835,0.9850435453140195,0.04409450487824257
img_219.jpg,215.7557837767345,7.603129890453834,0.35688348744746257,0.2096305632406544,0.9788876456242327,0.04394497304459401
img_220.jpg,277.6448128586332,8.519643322900365,0.34575050331991986,0.20955920628284264,0.9726164473029553,0.043915060937895
img_221.jpg,247.37424034950442,7.906054381846635,0.36025321267376115,0.20965750334509478,0.9756069493309356,0.04395626870889843
img_222.jpg,267.8200769431403,8.075260824204486,0.3645446951053078,0.21006628093537938,0.9750166886640208,0.04412784238602173
img_223.jpg,177.1019920448618,6.615352764736567,0.38905886342858303,0.21001941377836014,0.9830645986503755,0.04410815416380605
img_224.jpg,163.59039840897236,6.5317455659885235,0.379802061385082,0.20967083932523503,0.9853267991608254,0.04396186086334853
img_225.jpg,177.32148865414712,6.7037656494522695,0.38345974656361886,0.2100332089316722,0.9841261136760631,0.04411394885413547
img_226.jpg,148.52382303077727,6.409666797078769,0.3784071925218016,0.20938195856114244,0.9876834426443869,0.04384080457089998
img_227.jpg,142.86857720396455,6.344581377151799,0.38012974197702437,0.209458214674444,0.9880777184469055,0.04387274369460547
img_228.jpg,132.8422893844549,6.051842070944184,0.394578004083723,0.20955662616629248,0.9891809382065967,0.04391397957019926
img_229.jpg,135.1697606937924,5.95418948878456,0.40271338447468585,0.2098034787693773,0.9889786634231845,0.044017499703732546
img_230.jpg,143.480001304121,5.877725612936881,0.4125280191744045,0.21038386702449435,0.9882797227959027,0.04426137150418012
img_231.jpg,129.86869131455398,5.727839723526342,0.4207465402768046,0.21090049282518814,0.9892984661237082,0.04447901787390723
img_232.jpg,141.68403429838287,5.805767475221701,0.4112282055412622,0.2107604520093376,0.9888745533435559,0.0444199681311803
img_233.jpg,133.93437010954617,5.3325443401147625,0.42937426916751437,0.21161762764332642,0.9893798421391575,0.04478202032938955
img_234.jpg,131.26800013041208,5.209582029212311,0.4306385635949712,0.21090132685748378,0.9892519138716838,0.04447936967024721
img_235.jpg,164.55916797078768,6.054218831507564,0.41776483272252074,0.21087424467578986,0.9867159330119675,0.04446794706758489
img_236.jpg,167.63488849765258,6.08154994783516,0.4222667600223382,0.21098591597257996,0.9864021045875371,0.04451505673878857
img_237.jpg,186.89953703703705,6.492416536254565,0.4162795458686683,0.21109092967322143,0.9856291035623141,0.04455938059030491
img_238.jpg,204.9348135106938,7.205483828899323,0.39650311678865585,0.2111935782115288,0.9840761379534939,0.04460272747778913
img_239.jpg,248.35984611371936,7.917807772561294,0.384505962601727,0.21116214771960343,0.9792902495107074,0.044589452629555625
img_240.jpg,210.6922209181012,7.525149973917579,0.3763574544832443,0.21100177495168115,0.9826533243515909,0.044521749032759905
img_241.jpg,156.3401962702139,6.360318857589984,0.4054993527523181,0.21123923894624186,0.9872526108064614,0.04462201607058746
img_242.jpg,213.20009454877413,7.070484480959834,0.3911464478429178,0.21005962583148347,0.9828277417118765,0.04412504640446283
img_243.jpg,180.51408450704224,6.861626238914972,0.38846486466001995,0.2104399087856236,0.9855337509160057,0.04428495520970158
img_244.jpg,172.63703703703703,6.891158059467918,0.3846275163112969,0.21017534401766974,0.9854349995597591,0.044173675232945825
img_245.jpg,205.51856090245178,7.668482655190402,0.36914974535908196,0.2108202212869399,0.983336578233999,0.04444516570347431
img_246.jpg,266.99715701617106,7.80935054773083,0.39296398314005987,0.20996930082957282,0.9780597948196181,0.04408710729085965
img_247.jpg,314.92027582159625,8.13319314032342,0.40569760035354563,0.21047628567819554,0.9744054480828145,0.04430026683288938
img_248.jpg,377.03611437141365,8.433525691184142,0.4070077894967052,0.21016900174283554,0.9700267530195393,0.04417100929358001
img_249.jpg,378.5042318727178,8.534806990088681,0.39952413537089515,0.21003131305899447,0.9699459676331862,0.04411315246528534
img_250.jpg,390.89801121544076,8.742475221700573,0.3976221227126374,0.21003204142917717,0.9684713679699849,0.044113458426907594
img_251.jpg,369.5162623891497,8.853410276473657,0.4045897343635074,0.21061222367578575,0.9703725628043101,0.04435750876165921
img_252.jpg,226.35804316640588,7.175133672404799,0.4333567648706086,0.21284729353017023,0.9812804447753463,0.045303970363118444
img_253.jpg,220.2529179707877,7.266969874804381,0.44403367019017087,0.21570067080221844,0.9826302786695453,0.04652677938452701
img_254.jpg,286.2176806207616,8.6126336724048,0.3858176802586849,0.2105954300130817,0.9780407575915732,0.0443504351423948
img_255.jpg,202.80050860719874,7.107942097026604,0.39756008366801043,0.21096076977556505,0.9836938240557122,0.04450444638429896
img_256.jpg,118.39204812206575,5.5252575639019295,0.41541063358955854,0.21203391111194292,0.9899868293859575,0.044958379461427306
img_257.jpg,117.30999608763693,5.225619457485655,0.411009416265703,0.21136591675524474,0.9900150374580136,0.04467555076578505
img_258.jpg,153.62966549295777,5.949527256129369,0.38586575745395096,0.20981359560329269,0.9871877376870714,0.044021744899982035
img_259.jpg,193.24692553468964,6.814335550339071,0.36819074208735797,0.20974787712471157,0.9848348527653541,0.0439941719583231
img_260.jpg,184.57782668231613,6.688716092853417,0.375843096465074,0.20961806130084923,0.9844778016007044,0.04393973162352658
img_261.jpg,157.09283059467919,5.882469353155972,0.41151396382585204,0.21099836835108926,0.9857734356285338,0.04452031144682195
img_262.jpg,152.8959702660407,5.83768257694314,0.4251491978804254,0.21188265426562072,0.9873698714105235,0.04489425917864456
img_263.jpg,176.35632498695878,6.6364241001564945,0.41169072792323747,0.21135928124960215,0.9856318284770806,0.04467274577034843
img_264.jpg,218.5910635106938,7.205787037037037,0.3986497463513929,0.2100481684728735,0.9823721609636933,0.04412023307880865
img_265.jpg,286.1380151278039,8.327595200834638,0.3752595787031077,0.209256200188842,0.9760141224529527,0.04378815731747272
img_266.jpg,271.8397365675535,8.171837506520605,0.37252405003981115,0.20949363292956702,0.9781882784962307,0.04388758223802817
img_267.jpg,281.4836561032864,7.80964071465832,0.3961649697831592,0.20978584077876958,0.9767982088112406,0.044010098991255256
img_268.jpg,374.23106090245176,8.818593505477308,0.37322334236637233,0.20896466685464749,0.969564121260762,0.04366623199367381
img_269.jpg,394.51574074074074,8.95798774126239,0.3676194816763868,0.20891621006433322,0.9673960229141898,0.04364598282764461
img_270.jpg,437.55249413145543,9.137340245174752,0.37306306980589754,0.20886716868881522,0.964243252319571,0.043625494156081995
img_271.jpg,427.41781429316643,9.152673448095983,0.38224499654075755,0.20951781365908853,0.9654407822418772,0.04389771424048454
img_272.jpg,338.5477080073031,8.513357459572248,0.37910888960499567,0.20964955246720388,0.9703300031446006,0.043952934849698866
img_273.jpg,345.6388106416276,9.112245696400626,0.35793476174214495,0.2108042635338891,0.9692752797399993,0.044438437524065365
img_274.jpg,313.99230568596766,8.867064423578507,0.36016732786157535,0.21021440834636806,0.9728182739619906,0.04419009747641358
img_275.jpg,249.12114632237873,7.725528169014084,0.36536047674128014,0.20945780904577274,0.9760640919702362,0.04387257377025539
img_276.jpg,349.7156559728743,9.314651799687011,0.3394868822222073,0.20909477593784978,0.9712515733591803,0.0437206253244996
img_277.jpg,328.75142801251957,9.191242827334378,0.33876149668218314,0.20919368924131015,0.9699482401177584,0.04376199961838984
img_278.jpg,276.889211658842,8.526398669796558,0.3504748536673107,0.20925561297549605,0.9749144712193957,0.043787911561750596
img_279.jpg,479.65875065206046,11.539110589462704,0.32003295668281695,0.20912951498326474,0.9620243823361526,0.04373515403713555
img_280.jpg,366.7399191444966,9.601238914971308,0.34499481539436816,0.20915885286085714,0.9670250418139821,0.04374742573006969
img_281.jpg,398.0036221961398,9.762646713615023,0.3551218842968112,0.20954874389759412,0.968197645274751,0.04391067606905949
img_282.jpg,346.918339201878,8.886538210745957,0.3638082897083058,0.20929160529598836,0.9703961100331197,0.04380297604737178
img_283.jpg,361.04787754303595,9.034262519561816,0.35331877605352163,0.20922386889878208,0.9697406246839692,0.043774627316974755
img_284.jpg,354.050932446531,8.174452269170578,0.3902844816064932,0.20944726709363928,0.9701970261979959,0.04386815769299428
img_285.jpg,281.5504336202399,7.131589071465832,0.41270445563459296,0.21044685032461596,0.9755335569655806,0.044287876811551316
img_286.jpg,186.07185054773083,5.924863067292645,0.4279470780802732,0.2101825021496405,0.9841611611284301,0.044176684209883625
img_287.jpg,159.26102634324465,5.6069770474700045,0.4393700645524149,0.21038880620647685,0.9865569687015864,0.04426344977698647
img_288.jpg,201.5782309598331,5.787092462180491,0.45033795431266577,0.21008776114341574,0.984412321160327,0.044136867382252906
img_289.jpg,215.15446987480436,5.373007955138236,0.472895145543538,0.21040902826438196,0.9828098212972591,0.04427195917516149
img_290.jpg,239.1143616327595,5.037770605112154,0.4895825173082574,0.21012550864533072,0.9792383126869038,0.044152729383458954
img_291.jpg,261.58779342723005,5.081279342723005,0.48221769543833476,0.20985133736170672,0.9748108024321361,0.04403758379249685
img_292.jpg,272.17301773604584,4.546830985915492,0.475922244474731,0.20941441624759088,0.9762124719519933,0.04385439773231926
img_293.jpg,269.1807446531038,4.2709246218049035,0.47619428988731766,0.20955415847467485,0.9767789799775036,0.04391294533402914
img_294.jpg,243.5030679447053,4.26545057381325,0.4897901305672987,0.2096104167433964,0.977985049173337,0.04393652680734031
img_295.jpg,239.6189488784559,4.521322378716745,0.4813718607069798,0.209505237460772,0.9784327846236875,0.04389244452349446
img_296.jpg,205.60056077203964,4.45372326551904,0.485994570599468,0.2095809431604827,0.9832695299058265,0.04392417173603748
img_297.jpg,162.60634128847158,3.9104883933229004,0.5333863194271328,0.21120916905610007,0.9864633263014498,0.04460931309336826
img_298.jpg,136.5018551121544,4.358616979655713,0.486076147308014,0.21115339091498786,0.9889284021330613,0.04458575449489768
img_299.jpg,148.7767279603547,4.723806729264476,0.4553340847330288,0.21043144869637703,0.9879471300270789,0.04428139460045596
img_300.jpg,138.3787102243088,4.152275691184142,0.4831069430041546,0.21009907326555152,0.9881849877168232,0.04414162058704359
img_301.jpg,116.963197704747,3.7524321857068337,0.5213254752128357,0.2103889973872044,0.991041231315996,0.0442635302215931
img_302.jpg,105.33941053729785,3.670357329160146,0.5299597728087536,0.21080584245150527,0.9922658190476832,0.04443910321168886
img_303.jpg,113.44151017214398,3.883998435054773,0.5088073487563461,0.2105387139393288,0.9917984643091196,0.04432655006722652
img_304.jpg,160.92010302556076,4.75248435054773,0.4683466819205066,0.21020412734288585,0.9883524738078756,0.044185775151984165
img_305.jpg,174.23009259259257,5.21797730829421,0.45738515848252237,0.21151936758095138,0.9864522981335339,0.04474044286184563
img_306.jpg,182.64967070944184,5.580610980699008,0.45212117990051137,0.21321609286414533,0.9836305807967006,0.04546110225625185
img_307.jpg,204.83250195618152,6.118150104329682,0.4333515448260929,0.21327555264383558,0.9806509967528597,0.045486461355533477
img_308.jpg,254.75477634324466,6.995334507042252,0.4084984290581123,0.2104095616392464,0.9770360927784353,0.04427218362921983
img_309.jpg,257.6370924621805,7.1746511476265,0.397546335234291,0.21013667416615248,0.9768238106774244,0.04415742182961173
img_310.jpg,230.45737480438186,6.779518779342723,0.3973480235363079,0.21174522223145625,0.9790764154234146,0.044836039137848796
img_311.jpg,223.53560250391237,6.588517214397497,0.39831771859093446,0.2102075178399474,0.9791672948271323,0.0441872005564318
img_312.jpg,211.06721113719354,6.65585876369327,0.3855180928567085,0.21095533990634346,0.9807707111939872,0.04450215543500091
img_313.jpg,208.62187336984874,6.630317553468962,0.3875680763075271,0.2118728514560782,0.9812854310349786,0.04489010518412938
img_314.jpg,226.02252217005736,6.788869327073552,0.3906594590906358,0.2142322850199449,0.9802459933601535,0.04589547194486691
img_315.jpg,173.5070878977569,6.180157798643714,0.4081151351403958,0.2160365259721609,0.9839614765222143,0.04667178055412014
img_316.jpg,188.96521583202923,6.4737187010954615,0.36910319565827576,0.21076202237878194,0.9838415524567222,0.04442063007719418
img_317.jpg,223.33458528951488,6.803592853416798,0.3604204557354816,0.20900975822678666,0.9808237843244648,0.043685079034019816
img_318.jpg,195.93598395931141,5.886329551382368,0.38462897473141433,0.2095399065292406,0.9813812718212132,0.043906972428282884
img_319.jpg,170.2404147104851,5.48302034428795,0.3966315812070032,0.20985174126731282,0.9835030048175397,0.04403775331292321
img_320.jpg,145.76651017214397,5.208763693270735,0.40636036161059297,0.210146598783462,0.9857225423561659,0.044161592980257354
img_321.jpg,149.5790232133542,4.956109806990089,0.4373480379486501,0.21006359693774967,0.9851038942209993,0.044126714758425355
img_322.jpg,189.64515193009913,5.708812597809077,0.4215920218119874,0.20972906542106978,0.9814058360048619,0.04398628088239537
img_323.jpg,203.64348591549296,6.140258215962442,0.410215299451301,0.20982660408263032,0.9801978295152347,0.0440272037808489
img_324.jpg,179.0038895409494,5.826796426708398,0.41080890596525277,0.2098997115591089,0.9826881915722709,0.044057888912597105
img_325.jpg,187.90389606155452,5.782149843505477,0.4071500023081501,0.2102580715736932,0.9831688625044374,0.04420845666188829
img_326.jpg,190.79184924360976,5.771785341679708,0.41284282921904775,0.21135127429071585,0.9836403507948589,0.0446693611443094
img_327.jpg,165.20330268648934,5.379515519040166,0.4202981268771516,0.2130939260137247,0.9854920583303202,0.04540902130394278
img_328.jpg,202.18299752217,5.893782603025561,0.4103410788619163,0.2145438487924872,0.9822617113846076,0.046029063054693606
img_329.jpg,220.78621544079292,6.061756651017213,0.4092363250633061,0.21036380378748257,0.9813986529669247,0.044252929943938465
img_330.jpg,213.40352764736568,5.912147887323944,0.43035905639804917,0.21139880580863563,0.9821170941003582,0.044689455097317234
img_331.jpg,230.67411971830984,6.105412102243088,0.433581094043578,0.21075979666398298,0.9815928456906355,0.04441969188984345
img_332.jpg,244.04368479394887,6.085279733959311,0.46565045740348654,0.21382327982334723,0.980865340609772,0.045720394994413445
img_333.jpg,251.845843114241,6.403113588941054,0.4463125374362659,0.21178330842419865,0.9788996392570616,0.044852169727099246
img_334.jpg,268.32110719874805,6.443140323422014,0.44341216771706365,0.21101405094256034,0.9777162589996699,0.044526929695189454
img_335.jpg,236.4542090505999,6.420269300991132,0.42202553626728895,0.21169479381714437,0.9796478199108114,0.044814685729283266
img_336.jpg,261.35533059467923,6.719291210224308,0.417385259451524,0.21088543235000867,0.9782958685816826,0.04447266557745009
img_337.jpg,281.8618577203964,6.672121152842984,0.44378534959619126,0.21177104550416317,0.9773522592892037,0.04484697571392635
img_338.jpg,308.44677230046943,7.199687010954617,0.4327630174878104,0.21142759818564577,0.9760814230909417,0.04470162927455089
img_339.jpg,308.78843896713613,7.146694053208137,0.4331193334755448,0.21146870480449004,0.9759697838957633,0.04471901311168854
img_340.jpg,327.02545970266044,7.196860328638499,0.43234932304639634,0.21187829719406537,0.9740284105849738,0.04489241282185669
img_341.jpg,334.9456214136672,7.499240349504435,0.41997118560304547,0.21230422929057627,0.9728775244043205,0.04507308577466558
img_342.jpg,353.6184011476265,7.937369587897757,0.4141808779966614,0.212377653111885,0.972232630980189,0.04510426754131215
img_343.jpg,374.5658646322379,8.770950704225351,0.388237926191753,0.21188031706030025,0.9684820680118686,0.044893268757573365
img_344.jpg,349.7135693792384,8.652373500260824,0.3900560105812856,0.21159770208562242,0.9703454678161068,0.044773587527915826
img_345.jpg,332.2699074074074,8.280164319248827,0.39286618479232605,0.21069067215885792,0.9705914084404895,0.04439055933475135
img_346.jpg,304.7960061293688,7.507619327073551,0.3977595609222407,0.20975996582691397,0.9714319461178467,0.04399924326370812
img_347.jpg,388.3699595722483,9.023571987480437,0.3682573160938026,0.21011294514424558,0.9651305587162508,0.04414744971718875
img_348.jpg,381.074096896192,8.94196335419927,0.3674446555576624,0.20955430182264065,0.9665601436300029,0.043913005412374376
img_349.jpg,328.5426936619718,8.037157668231613,0.38203814420052024,0.20948615604708043,0.9693748532253853,0.043884449575381734
img_350.jpg,360.1983405059989,8.760481872717788,0.3809238618067795,0.21026050815339686,0.9697946534449351,0.04420948128892467
img_351.jpg,403.1737676056338,9.221478873239436,0.3748214179384922,0.20932890493983386,0.9658085580071657,0.043818590443310004
img_352.jpg,312.3148800208659,8.069418362023995,0.3796162602998189,0.20891199128899982,0.9733191293706507,0.043644220104335135
img_353.jpg,287.8767083985394,6.793498956703182,0.4079208725027752,0.20934287309424654,0.9751281076086463,0.04382443851535381
img_354.jpg,305.8232329160146,6.928286384976525,0.3993140328749487,0.20924904851911083,0.9741213488786646,0.0437851643061532
img_355.jpg,289.83642410015653,7.034989567031821,0.38770277239043105,0.20941830482423723,0.9755465594144759,0.04385602639545714
img_356.jpg,305.84154603547205,6.732391105894626,0.39866099985789366,0.20955124949413254,0.9736858959970007,0.04391172616455218
img_357.jpg,321.89607459572244,6.520057381324987,0.4126355922824688,0.2094905376535521,0.972399236239768,0.04388628536637434
img_358.jpg,363.1756911841419,6.6318009911319775,0.4123428422843241,0.2093268641102995,0.969095789444934,0.043817736038251794
img_359.jpg,348.20562076160667,6.687160928534168,0.41374591509082614,0.20945001364690902,0.9698839543307751,0.04386930821669038
img_360.jpg,327.29677556077206,6.6189717005738125,0.42249385034227926,0.20946278330934753,0.973574539678868,0.04387465759169868
img_361.jpg,307.9781755346896,6.328188575899842,0.42593017975389647,0.20933687449582355,0.9755219158280006,0.04382192702368018
img_362.jpg,280.85129434011475,5.901274778299426,0.4323998832792007,0.20988973287906834,0.9774063096079176,0.04405369996804666
img_363.jpg,287.50776930099113,6.178596113719354,0.42488844483605803,0.20938117518302726,0.9770510008915216,0.04384047652102555
img_364.jpg,258.0620565988524,5.858170318205529,0.42204009158415773,0.2092426085713855,0.9788553158161276,0.04378246924175805
img_365.jpg,261.0711169796557,5.736427360459051,0.43431677998486573,0.20933447895884766,0.9748465502636813,0.04382092408097223
img_366.jpg,281.5886443661972,6.0800436880542525,0.42675101910186497,0.20905895977070324,0.9733615035923573,0.04370564866040852
img_367.jpg,277.54084181012,6.155063249869587,0.42541447454920506,0.2090349089736373,0.973500651358007,0.04369559316961683
img_368.jpg,263.3553729786124,5.9853808033385505,0.4275574677614477,0.2090631831560274,0.9747352906281413,0.04370741455133066
img_369.jpg,275.504244913928,6.43910406885759,0.42267844785924297,0.20920690358021865,0.9744990158973678,0.0437675285056229
img_370.jpg,298.0049523995827,6.58552099634846,0.4165295961689223,0.20913493782218398,0.9732452172169819,0.04373742221788876
img_371.jpg,330.0185022170057,6.905024126238915,0.40973015231692145,0.20907603658934268,0.9710157524222578,0.04371278907590816
img_372.jpg,421.1293068596766,7.981849895670318,0.37870654421223243,0.20890903607049774,0.9603895182109049,0.04364298535190452
img_373.jpg,454.27205268648936,8.734670057381326,0.36284452136995987,0.2087610929860626,0.9571088739965009,0.043581193944735475
img_374.jpg,453.44183946270215,9.010168883672405,0.3668290548536669,0.20901971550171003,0.9600150050554236,0.043689241468415796
img_375.jpg,410.41632759520087,8.733450704225351,0.36619515627376575,0.20889312471530688,0.9644959137753711,0.04363633755332476
img_376.jpg,396.48741523213357,8.495422535211267,0.3763529321432237,0.20898008365466395,0.9655501915160616,0.04367267536431034
img_377.jpg,340.5019887845592,7.713901930099113,0.3885476926260569,0.2089764440461007,0.9707011804707569,0.04367115416615305
img_378.jpg,299.76821857068336,7.041131977047469,0.4007743658788044,0.20907419385992856,0.9740518768663166,0.04371201853817899
img_379.jpg,279.78914971309337,6.631396713615024,0.4100664725349258,0.20968348452090402,0.9753958652509599,0.04396716368082819
img_380.jpg,146.58115871152842,5.179443792383934,0.43133379470067523,0.21067568740184012,0.9863320044396293,0.04438424526223786
img_381.jpg,132.55729329681796,4.817967527386541,0.44192449163747316,0.21077196319094843,0.9885244330783226,0.04442482046736652
img_382.jpg,127.99790362545643,4.6409070161711,0.44774591413162046,0.21193330706268373,0.9886828633582557,0.04491572664252579
img_383.jpg,148.71447900365155,4.9930131716223265,0.4322761343226912,0.21016122407499707,0.985932272689524,0.04416774010470113
img_384.jpg,178.32621935315598,5.235922013562858,0.4308500079614388,0.2099705852682696,0.9822415846340184,0.04408764667789967
img_385.jpg,192.40319835680748,5.222218961919666,0.424476804872609,0.20974477880973288,0.9822044924183465,0.04399287223794377
img_386.jpg,227.69678208137714,5.302657146583203,0.41519091233647587,0.2093535226621522,0.9789342736478736,0.04382889745105228
img_387.jpg,221.68622522170057,5.436003521126761,0.4110466119731504,0.20934073780444043,0.9787402799864083,0.043823544504507476
img_388.jpg,235.17541079812204,5.57533255086072,0.41802843945459445,0.2092899406000185,0.9774350150468798,0.04380227923635927
img_389.jpg,253.27145279081898,5.581964006259781,0.4250995298010201,0.20922279137741553,0.9766974372587368,0.043774176431757544
img_390.jpg,252.60467201356286,5.797577595200835,0.41810664057307173,0.20916902826422124,0.9770034769225711,0.04375168238499858
img_391.jpg,215.00880933750653,5.581794470526864,0.4143164163537566,0.2093376327019129,0.9798870265504633,0.043822244465240995
img_392.jpg,210.94655386019826,5.578152712571727,0.4082009221704709,0.2091983843292143,0.9801998205012644,0.043763964005953664
img_393.jpg,245.3383965832029,5.882482394366198,0.4049745391206275,0.20926984628860412,0.9770318885324956,0.043793868565655994
img_394.jpg,250.07248630672925,6.21914123630673,0.39316280874196446,0.2089606929226355,0.9769565284318446,0.04366457118670797
img_395.jpg,233.14471830985917,6.210791601460615,0.3871022197043269,0.20892986972133287,0.977497562411422,0.04365169046177313
img_396.jpg,233.22272104851328,6.523731742305686,0.3785876832599387,0.2089175461583009,0.9773254042000371,0.043646541092805795
img_397.jpg,219.9178892801252,6.427057250912885,0.3839209422133419,0.2090833093779879,0.9794579618847606,0.04371583026045141
img_398.jpg,249.32953834115804,6.656970526864892,0.38486172113133016,0.2088718620069701,0.9769532972356073,0.04362745473825877
img_399.jpg,316.76643192488257,7.753221178925404,0.3696872719619491,0.20876539031975042,0.9706905941579795,0.04358298819535774
img_400.jpg,331.6184761345853,8.143834767866458,0.36364848336515043,0.20868781593964797,0.9701354706844478,0.04355060452166039
img_401.jpg,278.045116066771,7.359154929577464,0.3781200096604235,0.20888445170912656,0.9738100409591752,0.04363271416582243
img_402.jpg,281.36099700052165,7.341676447574335,0.3816046629251217,0.2089907210906819,0.9748442235856963,0.043677121502003195
img_403.jpg,273.19495631194576,7.0084148408972355,0.38626761611684945,0.20893415686811048,0.9744154624163075,0.043653481906188195
img_404.jpg,292.2034037558685,7.180894627021387,0.38034490725583825,0.20885096414163642,0.9723106352935115,0.043618725222891105
img_405.jpg,293.4032570422535,7.250022822117892,0.3760854705661515,0.20889855903353724,0.970457852691336,0.04363860796628824
img_406.jpg,256.58067292644756,6.882916014606156,0.3842856627568886,0.20907416447374094,0.9724633375792424,0.04371200625039288
img_407.jpg,237.3689912623891,6.369545513823683,0.401262696733767,0.20922579586443205,0.9737515699948917,0.04377543365510499
img_408.jpg,243.37264280125194,6.2133378977569125,0.42037886838295146,0.20924803249250337,0.9729770730406644,0.04378473910198375
img_409.jpg,242.563807381325,6.112470657276995,0.41980540512150655,0.20943348318534397,0.9734140747338781,0.043862383879145754
img_410.jpg,229.6045807250913,5.745940923317683,0.4378913978960184,0.20955629285791946,0.9757304455713953,0.043913839876354104
img_411.jpg,229.72351982263953,5.441360198226395,0.45227117841830533,0.21024070586000676,0.9766430891218276,0.04420115440051388
img_412.jpg,219.6853253781951,5.435918753260302,0.44772785986660707,0.21069561888000465,0.9771207064394153,0.04439264381522818
img_413.jpg,213.82149517475222,5.576287819509651,0.4348944320977095,0.2101658267403653,0.9773012633411596,0.04416967472946125
img_414.jpg,225.20447639540953,6.010377543035994,0.40487375150198124,0.20931110025334212,0.9747495331794414,0.04381113668926463
img_415.jpg,248.45633802816906,6.601988784559207,0.3854596228999614,0.20914985046327594,0.9734125579859823,0.04374365994881069
img_416.jpg,284.3115284298383,7.212734741784038,0.37516753026177146,0.20881226374576947,0.9716337196055236,0.04360256149063279
img_417.jpg,271.76947378716744,6.902944053208137,0.3882488400123406,0.20890885335550763,0.97261088407547,0.04364290901031299
img_418.jpg,277.4269561815337,7.11222613458529,0.38824794391194534,0.20898998420858114,0.9732822562800592,0.043676813499502996
img_419.jpg,255.4981155451226,6.911098069900887,0.38613925585097403,0.20891982991284322,0.9755919325315583,0.04364749533081134
img_420.jpg,225.5197835159103,6.734526604068858,0.3796373042911087,0.20886083188294882,0.9816179722735618,0.043622847094837415
img_421.jpg,236.77510106937922,7.091956833594157,0.37900314643436983,0.20895021257474428,0.9812957825365529,0.04366019133503082
img_422.jpg,237.3270702921231,7.12425991131977,0.3774848219480906,0.20896855291491723,0.9808397707830862,0.04366785610735456
img_423.jpg,284.7127412623891,7.679994783515909,0.3557604372902661,0.2088295094697002,0.9763051515036861,0.0436097640253556
img_424.jpg,292.605265388628,7.845438836724049,0.3449275371497073,0.20874850857421282,0.9763938980367461,0.043575939831958205
img_425.jpg,274.6868772822118,7.351248695878978,0.3554564179771928,0.2088662301957393,0.977937092523209,0.043625102116179565
img_426.jpg,260.26191640584244,6.650753129890454,0.36980818410523336,0.20905125185347115,0.9804194871443772,0.043702425901503424
img_427.jpg,204.1947215701617,6.08131520605112,0.37822490721983604,0.2090999263894814,0.9842951881831031,0.04372277921608655
img_428.jpg,180.85513497652582,5.863487871674492,0.3742270499472285,0.20902197484889645,0.9865755033725858,0.0436901859697327
img_429.jpg,158.69161450182577,5.260406885758998,0.3818963091536173,0.20926115303418588,0.9878406777530999,0.04379023016919696
img_430.jpg,177.7901278038602,5.421720135628586,0.38342299138894687,0.21000513120057307,0.9868329047026909,0.04410215513056991
img_431.jpg,160.533049687011,5.359823291601461,0.3772352944252933,0.20916721405015581,0.9876302132345244,0.0437509234335037
img_432.jpg,185.8146387584768,5.356077203964528,0.38316578146101593,0.20907948635680887,0.9849859123140139,0.04371423161522703
img_433.jpg,234.67400234741785,5.561645800730308,0.3831391364283406,0.20923774170029732,0.9815196915763641,0.043780432551840345
img_434.jpg,232.81333137715183,5.219232524778299,0.3977261416757051,0.2093000308608517,0.9816508204372653,0.04380650291835347
img_435.jpg,203.63760106937923,4.669591158059468,0.43042339759539194,0.2101029330822708,0.9813228900293756,0.04414324248977316
img_436.jpg,43.167556729264476,1.6759813510693793,0.6515107679741118,0.2161633179818467,0.9775245313289082,0.04672658004092097
img_437.jpg,46.97054316640584,1.691950312989045,0.6472425293660823,0.21602360339142437,0.9756031212032175,0.04666619722221541
img_438.jpg,49.36548317683881,1.6516725352112678,0.6624676317878159,0.216157971002074,0.9761278808177525,0.04672426842773347
img_439.jpg,53.214459441836205,1.599801121544079,0.6871812306479489,0.21722375906640434,0.9738000221658049,0.04718616150293928
img_440.jpg,54.05227243088158,1.5757922535211268,0.7018425116245154,0.21844087421766842,0.9692068588428603,0.04771641552897924
img_441.jpg,49.169033646322376,1.372887323943662,0.741179445330197,0.22081353255994926,0.9663133441401308,0.04875861616160378
img_442.jpg,37.51274778299426,1.1401408450704225,0.7778851493478333,0.2248094478075986,0.9677191183629414,0.0505392878235574
img_443.jpg,27.641086332811685,1.0034167970787689,0.790077750591889,0.22525441373896452,0.9716199163625919,0.0507395509088846
img_444.jpg,34.827696270213885,1.1269659624413146,0.760361808950143,0.21985363527798568,0.9756269485362077,0.048335620944945555
img_445.jpg,32.691451486697964,1.145103025560772,0.7414984827545613,0.21839597725925694,0.9783463846887276,0.04769680288302587
img_446.jpg,38.03113262910798,1.3029440532081373,0.7029723649204651,0.21619157101020461,0.9789794182264479,0.04673879537586035
img_447.jpg,42.707234611371945,1.4220168231611894,0.6778469800549374,0.21497531579943197,0.9788242604132867,0.04621438640306551
img_448.jpg,43.40379825247783,1.488187923839332,0.6621970084794391,0.21476234548345816,0.9790399929290313,0.046122865037556235
img_449.jpg,46.933864762649975,1.5152614762649974,0.6613385180087752,0.21406235158783643,0.9772023873386282,0.0458226903673145
img_450.jpg,51.040144105372974,1.5878879760041733,0.6587441117150489,0.21313303158900238,0.9779689018759653,0.04542568915431868
img_451.jpg,44.181576030255606,1.5162330464267082,0.670414659537419,0.21380345959432545,0.9796084892277743,0.04571191933450235
img_452.jpg,41.7507498695879,1.574745696400626,0.6633074114221513,0.2134333301337543,0.9801744322568179,0.04555378641198415
img_453.jpg,40.65652712571727,1.5656038080333856,0.6649505808034938,0.21364128311952155,0.981691579717277,0.04564259785295556
img_454.jpg,44.393547861241515,1.5737447835159102,0.6785573355908838,0.21451598020488477,0.9806033088563205,0.04601710576326252
img_455.jpg,46.89167970787688,1.596589723526343,0.6745209782104159,0.21347146718799073,0.9812675971310206,0.0455700673033934
img_456.jpg,45.07250260824204,1.4414971309337505,0.6969389054157406,0.21474067031576097,0.9826018583805668,0.04611355548766235
img_457.jpg,46.437914058424624,1.3978058163797598,0.7178532380538906,0.21582485165016105,0.9838535902133236,0.04658036658981403
img_458.jpg,44.470129107981236,1.3732198748043818,0.7140131945942052,0.21567436125941716,0.9851870615904332,0.046515430104657585
img_459.jpg,39.07846570161711,1.3135009128847157,0.7099628033463347,0.21432912433572926,0.9863616097236294,0.04593697353852049
img_460.jpg,37.314475743348986,1.2967723004694836,0.7088184917858135,0.21386047559488292,0.9851924953356721,0.04573630302166951
img_461.jpg,34.59444118414191,1.245399713093375,0.73389646753092,0.21608522383963644,0.9838198266534322,0.04669282396182579
img_462.jpg,29.168495696400623,1.140196270213876,0.7508706799949368,0.21811116996012614,0.9830816093318515,0.04757248246137503
img_463.jpg,29.522727569118413,1.146612545644236,0.7596966106940173,0.2199195330784559,0.9825297689320092,0.048364601029446064
img_464.jpg,32.83535798122066,1.138311815336463,0.7547264735319885,0.2168110417357966,0.9829473444588177,0.04700702781856133
img_465.jpg,33.883685446009395,1.1138106416275428,0.7756813388572249,0.21868854254773892,0.9827217439369674,0.04782467864165421
img_466.jpg,33.07349700052165,1.083858242044862,0.7886880871732102,0.22378196277917156,0.9794656182600276,0.050078366865298526
img_467.jpg,30.097844940010436,1.011740349504434,0.8003717366642382,0.22213712355926982,0.9799301754947788,0.04934490166318631
img_468.jpg,34.04031690140845,1.1341158059467917,0.7709317199477672,0.21923786598415293,0.9795683803553908,0.0480652418812854
img_469.jpg,32.94384454877413,1.147685185185185,0.7592958837602556,0.21736791624859877,0.9815249587365953,0.04724881101425785
img_470.jpg,33.76685250391236,1.1820455138236827,0.7474382066405321,0.21604822536020846,0.9829239324869484,0.04667683568129542
img_471.jpg,31.291872065727702,1.1490838549817424,0.7374507460305566,0.21573070832218225,0.984214827343738,0.04653973851319047
img_472.jpg,27.077865805946793,1.0992077464788732,0.7464345794900975,0.21739600734763093,0.9849416153602464,0.0472610240106912
img_473.jpg,23.24457159624413,1.0589234480959833,0.7393957087311974,0.21667115105712073,0.9854420725040671,0.046946387700417626
img_474.jpg,26.582909494001036,1.0235654668753265,0.7668064514294533,0.21846950136885337,0.9830182830995867,0.04772892302835543
img_475.jpg,31.925410798122062,1.0721961398017734,0.7852035876631295,0.22172898001645439,0.9794559233481523,0.04916374057913723
img_476.jpg,32.949426186750124,1.1068009911319767,0.7606637885880903,0.21742848844572116,0.9809357614356067,0.0472751475877911
img_477.jpg,35.13020670318205,1.140241914449661,0.755088554063255,0.21647035501780904,0.9827616965517021,0.04685941460153628
img_478.jpg,29.12196791862285,1.0643322900365157,0.7722718635308767,0.21877102321565245,0.9835356136317447,0.04786076059882354
img_479.jpg,30.109220135628586,1.0441901408450704,0.7796215542796289,0.2193367887694098,0.9824578719432184,0.048108626907676685
img_480.jpg,30.67246348461137,1.1330333854981738,0.7660286804186199,0.2183794827788485,0.9834501311395119,0.04768959849875738
img_481.jpg,26.92816575378195,1.065176708398539,0.7709659115597327,0.21811182548899397,0.9858056553414313,0.04757276841814136
img_482.jpg,28.25943205529473,1.0539808294209705,0.7750787209924391,0.21841594585591656,0.9863955133006533,0.047705525404134676
img_483.jpg,30.01889345331246,1.0288308555033907,0.7773959081119677,0.2206861419360083,0.9864234322158629,0.048702373242599996
img_484.jpg,29.623673056859676,1.0082518257694315,0.7837129851727183,0.21939103234967938,0.9855226538121803,0.04813242507545806
img_485.jpg,30.1785406885759,1.0186163275952007,0.7856662863932641,0.2210283724665164,0.9837099371774246,0.04885354143519711
img_486.jpg,30.77973721961398,1.031086984872196,0.7848579619142013,0.22526097322364996,0.9832744917362438,0.05074250605766594
img_487.jpg,32.912617370892015,1.0303338549817422,0.7856803168254858,0.22259074569585044,0.983874788764042,0.04954664006943476
img_488.jpg,33.214857198748035,0.9935869848721962,0.7929830819186133,0.22158054967607657,0.9831083136678687,0.04909793999475224
img_489.jpg,35.3504825247783,0.9963028169014084,0.7945331972466938,0.2204283124700014,0.9825812660852661,0.04858864093837256
img_490.jpg,35.60753781950965,0.9667123109024518,0.8038139519759042,0.22175802234635247,0.9828686675610344,0.04917662047496536
img_491.jpg,36.67958398539384,0.9593505477308294,0.808017357502674,0.22400720061598547,0.9828600617450399,0.05017922592781036
img_492.jpg,37.265098461137185,0.9588712832550862,0.8108357625796263,0.22244972009351133,0.9817929174290193,0.04948387796968153
img_493.jpg,33.63788145539906,0.9158874543557644,0.8149468656410485,0.2270174673405024,0.9822241941232578,0.05153693047769607
img_494.jpg,32.86370305164319,0.9289417057902973,0.8120181461719749,0.22729832397460506,0.9808623278229576,0.051664528081664524
img_495.jpg,32.37441314553991,0.946283255086072,0.8078470369141292,0.22541627980395768,0.978935451267244,0.05081249920065614
img_496.jpg,39.46250652060511,1.119300991131977,0.7720297669751105,0.2223900261815186,0.9808235014072022,0.049457323745016525
img_497.jpg,43.82923187271779,1.238719353155973,0.7463726925841989,0.2178808362555608,0.9833383275190197,0.04747205880742249
img_498.jpg,41.9839006259781,1.1637128325508606,0.7576561459264256,0.2153788434802244,0.9830786250419183,0.04638804621887901
img_499.jpg,38.418267475221704,1.066167840375587,0.7830266723380893,0.21731737851307587,0.982180811971655,0.04722684300379549
img_500.jpg,33.03328116849244,1.0222091810119978,0.7909273429322526,0.21941711956907173,0.9824598808836776,0.048143872359988314
